candidate_id,candidate_name,model,task_name,data,run_index,run_name,result_dir,metrics_path,status,error,smape,owa,mape,mase
mamba_short_term_forecast_m4_weekly_dm64_df12_expand2_dc3_dtr8_0001,mamba_short_term_forecast_m4_weekly_dm64_df12_expand2_dc3_dtr8_0001,Mamba,short_term_forecast,m4,1,mamba_short_term_forecast_m4_weekly_dm64_df12_expand2_dc3_dtr8_0001,results/short_term_forecast_mamba_short_term_forecast_m4_weekly_dm64_df12_expand2_dc3_dtr8_0001_mamba_short_term_forecast_m4_weekly_dm64_df12_expand2_dc3_dtr8_0001,results/short_term_forecast_mamba_short_term_forecast_m4_weekly_dm64_df12_expand2_dc3_dtr8_0001_mamba_short_term_forecast_m4_weekly_dm64_df12_expand2_dc3_dtr8_0001/metrics.npy,success,,12.021162986755371,,11.269259452819824,4.268348693847656
mamba_short_term_forecast_m4_weekly_dm96_df12_expand2_dc2_dtr8_0002,mamba_short_term_forecast_m4_weekly_dm96_df12_expand2_dc2_dtr8_0002,Mamba,short_term_forecast,m4,1,mamba_short_term_forecast_m4_weekly_dm96_df12_expand2_dc2_dtr8_0002,results/short_term_forecast_mamba_short_term_forecast_m4_weekly_dm96_df12_expand2_dc2_dtr8_0002_mamba_short_term_forecast_m4_weekly_dm96_df12_expand2_dc2_dtr8_0002,results/short_term_forecast_mamba_short_term_forecast_m4_weekly_dm96_df12_expand2_dc2_dtr8_0002_mamba_short_term_forecast_m4_weekly_dm96_df12_expand2_dc2_dtr8_0002/metrics.npy,success,,12.093092918395996,,11.402470588684082,4.374024868011475
mamba_short_term_forecast_m4_weekly_dm128_df12_expand1_dc2_dtr32_0003,mamba_short_term_forecast_m4_weekly_dm128_df12_expand1_dc2_dtr32_0003,Mamba,short_term_forecast,m4,1,mamba_short_term_forecast_m4_weekly_dm128_df12_expand1_dc2_dtr32_0003,results/short_term_forecast_mamba_short_term_forecast_m4_weekly_dm128_df12_expand1_dc2_dtr32_0003_mamba_short_term_forecast_m4_weekly_dm128_df12_expand1_dc2_dtr32_0003,results/short_term_forecast_mamba_short_term_forecast_m4_weekly_dm128_df12_expand1_dc2_dtr32_0003_mamba_short_term_forecast_m4_weekly_dm128_df12_expand1_dc2_dtr32_0003/metrics.npy,success,,12.198653221130371,,11.593555450439453,4.635024547576904
mamba_short_term_forecast_m4_weekly_dm128_df12_expand1_dc3_dtr32_0004,mamba_short_term_forecast_m4_weekly_dm128_df12_expand1_dc3_dtr32_0004,Mamba,short_term_forecast,m4,1,mamba_short_term_forecast_m4_weekly_dm128_df12_expand1_dc3_dtr32_0004,results/short_term_forecast_mamba_short_term_forecast_m4_weekly_dm128_df12_expand1_dc3_dtr32_0004_mamba_short_term_forecast_m4_weekly_dm128_df12_expand1_dc3_dtr32_0004,results/short_term_forecast_mamba_short_term_forecast_m4_weekly_dm128_df12_expand1_dc3_dtr32_0004_mamba_short_term_forecast_m4_weekly_dm128_df12_expand1_dc3_dtr32_0004/metrics.npy,success,,12.0276460647583,,11.180027961730957,4.125550746917725
mamba_short_term_forecast_m4_weekly_dm64_df12_expand1_dc4_dtr32_0005,mamba_short_term_forecast_m4_weekly_dm64_df12_expand1_dc4_dtr32_0005,Mamba,short_term_forecast,m4,1,mamba_short_term_forecast_m4_weekly_dm64_df12_expand1_dc4_dtr32_0005,results/short_term_forecast_mamba_short_term_forecast_m4_weekly_dm64_df12_expand1_dc4_dtr32_0005_mamba_short_term_forecast_m4_weekly_dm64_df12_expand1_dc4_dtr32_0005,results/short_term_forecast_mamba_short_term_forecast_m4_weekly_dm64_df12_expand1_dc4_dtr32_0005_mamba_short_term_forecast_m4_weekly_dm64_df12_expand1_dc4_dtr32_0005/metrics.npy,success,,12.28061580657959,,11.451225280761719,4.476038932800293
mamba_short_term_forecast_m4_weekly_dm96_df8_expand1_dc3_dtr8_0006,mamba_short_term_forecast_m4_weekly_dm96_df8_expand1_dc3_dtr8_0006,Mamba,short_term_forecast,m4,1,mamba_short_term_forecast_m4_weekly_dm96_df8_expand1_dc3_dtr8_0006,results/short_term_forecast_mamba_short_term_forecast_m4_weekly_dm96_df8_expand1_dc3_dtr8_0006_mamba_short_term_forecast_m4_weekly_dm96_df8_expand1_dc3_dtr8_0006,results/short_term_forecast_mamba_short_term_forecast_m4_weekly_dm96_df8_expand1_dc3_dtr8_0006_mamba_short_term_forecast_m4_weekly_dm96_df8_expand1_dc3_dtr8_0006/metrics.npy,success,,12.132655143737793,,11.38330364227295,4.326985836029053
mamba_short_term_forecast_m4_weekly_dm128_df16_expand2_dc2_dtr8_0007,mamba_short_term_forecast_m4_weekly_dm128_df16_expand2_dc2_dtr8_0007,Mamba,short_term_forecast,m4,1,mamba_short_term_forecast_m4_weekly_dm128_df16_expand2_dc2_dtr8_0007,results/short_term_forecast_mamba_short_term_forecast_m4_weekly_dm128_df16_expand2_dc2_dtr8_0007_mamba_short_term_forecast_m4_weekly_dm128_df16_expand2_dc2_dtr8_0007,results/short_term_forecast_mamba_short_term_forecast_m4_weekly_dm128_df16_expand2_dc2_dtr8_0007_mamba_short_term_forecast_m4_weekly_dm128_df16_expand2_dc2_dtr8_0007/metrics.npy,success,,11.922446250915527,,11.356305122375488,4.120431423187256
mamba_short_term_forecast_m4_weekly_dm128_df12_expand2_dc4_dtr16_0008,mamba_short_term_forecast_m4_weekly_dm128_df12_expand2_dc4_dtr16_0008,Mamba,short_term_forecast,m4,1,mamba_short_term_forecast_m4_weekly_dm128_df12_expand2_dc4_dtr16_0008,results/short_term_forecast_mamba_short_term_forecast_m4_weekly_dm128_df12_expand2_dc4_dtr16_0008_mamba_short_term_forecast_m4_weekly_dm128_df12_expand2_dc4_dtr16_0008,results/short_term_forecast_mamba_short_term_forecast_m4_weekly_dm128_df12_expand2_dc4_dtr16_0008_mamba_short_term_forecast_m4_weekly_dm128_df12_expand2_dc4_dtr16_0008/metrics.npy,success,,11.665324211120605,,11.190288543701172,4.3895063400268555
mamba_short_term_forecast_m4_weekly_dm96_df16_expand2_dc4_dtr32_0009,mamba_short_term_forecast_m4_weekly_dm96_df16_expand2_dc4_dtr32_0009,Mamba,short_term_forecast,m4,1,mamba_short_term_forecast_m4_weekly_dm96_df16_expand2_dc4_dtr32_0009,results/short_term_forecast_mamba_short_term_forecast_m4_weekly_dm96_df16_expand2_dc4_dtr32_0009_mamba_short_term_forecast_m4_weekly_dm96_df16_expand2_dc4_dtr32_0009,results/short_term_forecast_mamba_short_term_forecast_m4_weekly_dm96_df16_expand2_dc4_dtr32_0009_mamba_short_term_forecast_m4_weekly_dm96_df16_expand2_dc4_dtr32_0009/metrics.npy,success,,12.088837623596191,,11.197896957397461,4.141331672668457
mamba_short_term_forecast_m4_weekly_dm128_df16_expand1_dc2_dtr32_0010,mamba_short_term_forecast_m4_weekly_dm128_df16_expand1_dc2_dtr32_0010,Mamba,short_term_forecast,m4,1,mamba_short_term_forecast_m4_weekly_dm128_df16_expand1_dc2_dtr32_0010,results/short_term_forecast_mamba_short_term_forecast_m4_weekly_dm128_df16_expand1_dc2_dtr32_0010_mamba_short_term_forecast_m4_weekly_dm128_df16_expand1_dc2_dtr32_0010,results/short_term_forecast_mamba_short_term_forecast_m4_weekly_dm128_df16_expand1_dc2_dtr32_0010_mamba_short_term_forecast_m4_weekly_dm128_df16_expand1_dc2_dtr32_0010/metrics.npy,success,,12.122251510620117,,11.512003898620605,4.363469123840332
mamba_short_term_forecast_m4_weekly_dm128_df12_expand2_dc3_dtr32_0011,mamba_short_term_forecast_m4_weekly_dm128_df12_expand2_dc3_dtr32_0011,Mamba,short_term_forecast,m4,1,mamba_short_term_forecast_m4_weekly_dm128_df12_expand2_dc3_dtr32_0011,results/short_term_forecast_mamba_short_term_forecast_m4_weekly_dm128_df12_expand2_dc3_dtr32_0011_mamba_short_term_forecast_m4_weekly_dm128_df12_expand2_dc3_dtr32_0011,results/short_term_forecast_mamba_short_term_forecast_m4_weekly_dm128_df12_expand2_dc3_dtr32_0011_mamba_short_term_forecast_m4_weekly_dm128_df12_expand2_dc3_dtr32_0011/metrics.npy,success,,12.023594856262207,,11.430912017822266,4.62654972076416
mamba_short_term_forecast_m4_weekly_dm128_df8_expand2_dc4_dtr32_0012,mamba_short_term_forecast_m4_weekly_dm128_df8_expand2_dc4_dtr32_0012,Mamba,short_term_forecast,m4,1,mamba_short_term_forecast_m4_weekly_dm128_df8_expand2_dc4_dtr32_0012,results/short_term_forecast_mamba_short_term_forecast_m4_weekly_dm128_df8_expand2_dc4_dtr32_0012_mamba_short_term_forecast_m4_weekly_dm128_df8_expand2_dc4_dtr32_0012,results/short_term_forecast_mamba_short_term_forecast_m4_weekly_dm128_df8_expand2_dc4_dtr32_0012_mamba_short_term_forecast_m4_weekly_dm128_df8_expand2_dc4_dtr32_0012/metrics.npy,success,,11.957347869873047,,11.278091430664062,4.234496593475342
mamba_short_term_forecast_m4_weekly_dm128_df8_expand1_dc3_dtr16_0013,mamba_short_term_forecast_m4_weekly_dm128_df8_expand1_dc3_dtr16_0013,Mamba,short_term_forecast,m4,1,mamba_short_term_forecast_m4_weekly_dm128_df8_expand1_dc3_dtr16_0013,results/short_term_forecast_mamba_short_term_forecast_m4_weekly_dm128_df8_expand1_dc3_dtr16_0013_mamba_short_term_forecast_m4_weekly_dm128_df8_expand1_dc3_dtr16_0013,results/short_term_forecast_mamba_short_term_forecast_m4_weekly_dm128_df8_expand1_dc3_dtr16_0013_mamba_short_term_forecast_m4_weekly_dm128_df8_expand1_dc3_dtr16_0013/metrics.npy,success,,11.952320098876953,,11.149609565734863,4.110713958740234
mamba_short_term_forecast_m4_weekly_dm96_df8_expand1_dc4_dtr16_0014,mamba_short_term_forecast_m4_weekly_dm96_df8_expand1_dc4_dtr16_0014,Mamba,short_term_forecast,m4,1,mamba_short_term_forecast_m4_weekly_dm96_df8_expand1_dc4_dtr16_0014,results/short_term_forecast_mamba_short_term_forecast_m4_weekly_dm96_df8_expand1_dc4_dtr16_0014_mamba_short_term_forecast_m4_weekly_dm96_df8_expand1_dc4_dtr16_0014,results/short_term_forecast_mamba_short_term_forecast_m4_weekly_dm96_df8_expand1_dc4_dtr16_0014_mamba_short_term_forecast_m4_weekly_dm96_df8_expand1_dc4_dtr16_0014/metrics.npy,success,,12.1181058883667,,11.273218154907227,4.150423526763916
mamba_short_term_forecast_m4_weekly_dm64_df8_expand1_dc2_dtr8_0015,mamba_short_term_forecast_m4_weekly_dm64_df8_expand1_dc2_dtr8_0015,Mamba,short_term_forecast,m4,1,mamba_short_term_forecast_m4_weekly_dm64_df8_expand1_dc2_dtr8_0015,results/short_term_forecast_mamba_short_term_forecast_m4_weekly_dm64_df8_expand1_dc2_dtr8_0015_mamba_short_term_forecast_m4_weekly_dm64_df8_expand1_dc2_dtr8_0015,results/short_term_forecast_mamba_short_term_forecast_m4_weekly_dm64_df8_expand1_dc2_dtr8_0015_mamba_short_term_forecast_m4_weekly_dm64_df8_expand1_dc2_dtr8_0015/metrics.npy,success,,12.273239135742188,,11.542374610900879,4.356461048126221
mamba_short_term_forecast_m4_weekly_dm64_df12_expand1_dc2_dtr32_0016,mamba_short_term_forecast_m4_weekly_dm64_df12_expand1_dc2_dtr32_0016,Mamba,short_term_forecast,m4,1,mamba_short_term_forecast_m4_weekly_dm64_df12_expand1_dc2_dtr32_0016,results/short_term_forecast_mamba_short_term_forecast_m4_weekly_dm64_df12_expand1_dc2_dtr32_0016_mamba_short_term_forecast_m4_weekly_dm64_df12_expand1_dc2_dtr32_0016,results/short_term_forecast_mamba_short_term_forecast_m4_weekly_dm64_df12_expand1_dc2_dtr32_0016_mamba_short_term_forecast_m4_weekly_dm64_df12_expand1_dc2_dtr32_0016/metrics.npy,success,,12.413689613342285,,11.608089447021484,4.637442111968994
mamba_short_term_forecast_m4_weekly_dm64_df12_expand2_dc2_dtr16_0017,mamba_short_term_forecast_m4_weekly_dm64_df12_expand2_dc2_dtr16_0017,Mamba,short_term_forecast,m4,1,mamba_short_term_forecast_m4_weekly_dm64_df12_expand2_dc2_dtr16_0017,results/short_term_forecast_mamba_short_term_forecast_m4_weekly_dm64_df12_expand2_dc2_dtr16_0017_mamba_short_term_forecast_m4_weekly_dm64_df12_expand2_dc2_dtr16_0017,results/short_term_forecast_mamba_short_term_forecast_m4_weekly_dm64_df12_expand2_dc2_dtr16_0017_mamba_short_term_forecast_m4_weekly_dm64_df12_expand2_dc2_dtr16_0017/metrics.npy,success,,11.866463661193848,,11.407569885253906,4.273489952087402
mamba_short_term_forecast_m4_weekly_dm96_df12_expand1_dc2_dtr16_0018,mamba_short_term_forecast_m4_weekly_dm96_df12_expand1_dc2_dtr16_0018,Mamba,short_term_forecast,m4,1,mamba_short_term_forecast_m4_weekly_dm96_df12_expand1_dc2_dtr16_0018,results/short_term_forecast_mamba_short_term_forecast_m4_weekly_dm96_df12_expand1_dc2_dtr16_0018_mamba_short_term_forecast_m4_weekly_dm96_df12_expand1_dc2_dtr16_0018,results/short_term_forecast_mamba_short_term_forecast_m4_weekly_dm96_df12_expand1_dc2_dtr16_0018_mamba_short_term_forecast_m4_weekly_dm96_df12_expand1_dc2_dtr16_0018/metrics.npy,success,,12.295343399047852,,11.417473793029785,4.2547526359558105
mamba_short_term_forecast_m4_weekly_dm64_df12_expand1_dc4_dtr16_0019,mamba_short_term_forecast_m4_weekly_dm64_df12_expand1_dc4_dtr16_0019,Mamba,short_term_forecast,m4,1,mamba_short_term_forecast_m4_weekly_dm64_df12_expand1_dc4_dtr16_0019,results/short_term_forecast_mamba_short_term_forecast_m4_weekly_dm64_df12_expand1_dc4_dtr16_0019_mamba_short_term_forecast_m4_weekly_dm64_df12_expand1_dc4_dtr16_0019,results/short_term_forecast_mamba_short_term_forecast_m4_weekly_dm64_df12_expand1_dc4_dtr16_0019_mamba_short_term_forecast_m4_weekly_dm64_df12_expand1_dc4_dtr16_0019/metrics.npy,success,,12.452396392822266,,11.522130012512207,4.307865619659424
mamba_short_term_forecast_m4_weekly_dm128_df8_expand1_dc4_dtr16_0020,mamba_short_term_forecast_m4_weekly_dm128_df8_expand1_dc4_dtr16_0020,Mamba,short_term_forecast,m4,1,mamba_short_term_forecast_m4_weekly_dm128_df8_expand1_dc4_dtr16_0020,results/short_term_forecast_mamba_short_term_forecast_m4_weekly_dm128_df8_expand1_dc4_dtr16_0020_mamba_short_term_forecast_m4_weekly_dm128_df8_expand1_dc4_dtr16_0020,results/short_term_forecast_mamba_short_term_forecast_m4_weekly_dm128_df8_expand1_dc4_dtr16_0020_mamba_short_term_forecast_m4_weekly_dm128_df8_expand1_dc4_dtr16_0020/metrics.npy,success,,12.035589218139648,,11.374022483825684,4.365323543548584
mamba_short_term_forecast_m4_weekly_dm64_df8_expand1_dc2_dtr32_0021,mamba_short_term_forecast_m4_weekly_dm64_df8_expand1_dc2_dtr32_0021,Mamba,short_term_forecast,m4,1,mamba_short_term_forecast_m4_weekly_dm64_df8_expand1_dc2_dtr32_0021,results/short_term_forecast_mamba_short_term_forecast_m4_weekly_dm64_df8_expand1_dc2_dtr32_0021_mamba_short_term_forecast_m4_weekly_dm64_df8_expand1_dc2_dtr32_0021,results/short_term_forecast_mamba_short_term_forecast_m4_weekly_dm64_df8_expand1_dc2_dtr32_0021_mamba_short_term_forecast_m4_weekly_dm64_df8_expand1_dc2_dtr32_0021/metrics.npy,success,,12.30911636352539,,11.435882568359375,4.314674377441406
mamba_short_term_forecast_m4_weekly_dm128_df16_expand1_dc4_dtr8_0022,mamba_short_term_forecast_m4_weekly_dm128_df16_expand1_dc4_dtr8_0022,Mamba,short_term_forecast,m4,1,mamba_short_term_forecast_m4_weekly_dm128_df16_expand1_dc4_dtr8_0022,results/short_term_forecast_mamba_short_term_forecast_m4_weekly_dm128_df16_expand1_dc4_dtr8_0022_mamba_short_term_forecast_m4_weekly_dm128_df16_expand1_dc4_dtr8_0022,results/short_term_forecast_mamba_short_term_forecast_m4_weekly_dm128_df16_expand1_dc4_dtr8_0022_mamba_short_term_forecast_m4_weekly_dm128_df16_expand1_dc4_dtr8_0022/metrics.npy,success,,11.681305885314941,,11.11163330078125,4.134029865264893
mamba_short_term_forecast_m4_weekly_dm96_df12_expand1_dc4_dtr32_0023,mamba_short_term_forecast_m4_weekly_dm96_df12_expand1_dc4_dtr32_0023,Mamba,short_term_forecast,m4,1,mamba_short_term_forecast_m4_weekly_dm96_df12_expand1_dc4_dtr32_0023,results/short_term_forecast_mamba_short_term_forecast_m4_weekly_dm96_df12_expand1_dc4_dtr32_0023_mamba_short_term_forecast_m4_weekly_dm96_df12_expand1_dc4_dtr32_0023,results/short_term_forecast_mamba_short_term_forecast_m4_weekly_dm96_df12_expand1_dc4_dtr32_0023_mamba_short_term_forecast_m4_weekly_dm96_df12_expand1_dc4_dtr32_0023/metrics.npy,success,,12.183237075805664,,11.33426284790039,4.301815032958984
mamba_short_term_forecast_m4_weekly_dm64_df16_expand2_dc4_dtr32_0024,mamba_short_term_forecast_m4_weekly_dm64_df16_expand2_dc4_dtr32_0024,Mamba,short_term_forecast,m4,1,mamba_short_term_forecast_m4_weekly_dm64_df16_expand2_dc4_dtr32_0024,results/short_term_forecast_mamba_short_term_forecast_m4_weekly_dm64_df16_expand2_dc4_dtr32_0024_mamba_short_term_forecast_m4_weekly_dm64_df16_expand2_dc4_dtr32_0024,results/short_term_forecast_mamba_short_term_forecast_m4_weekly_dm64_df16_expand2_dc4_dtr32_0024_mamba_short_term_forecast_m4_weekly_dm64_df16_expand2_dc4_dtr32_0024/metrics.npy,success,,12.424562454223633,,11.502677917480469,4.294388771057129
mamba_short_term_forecast_m4_weekly_dm96_df16_expand2_dc2_dtr32_0025,mamba_short_term_forecast_m4_weekly_dm96_df16_expand2_dc2_dtr32_0025,Mamba,short_term_forecast,m4,1,mamba_short_term_forecast_m4_weekly_dm96_df16_expand2_dc2_dtr32_0025,results/short_term_forecast_mamba_short_term_forecast_m4_weekly_dm96_df16_expand2_dc2_dtr32_0025_mamba_short_term_forecast_m4_weekly_dm96_df16_expand2_dc2_dtr32_0025,results/short_term_forecast_mamba_short_term_forecast_m4_weekly_dm96_df16_expand2_dc2_dtr32_0025_mamba_short_term_forecast_m4_weekly_dm96_df16_expand2_dc2_dtr32_0025/metrics.npy,success,,12.09420394897461,,11.305808067321777,4.040090084075928
mamba_short_term_forecast_m4_weekly_dm96_df8_expand2_dc2_dtr16_0026,mamba_short_term_forecast_m4_weekly_dm96_df8_expand2_dc2_dtr16_0026,Mamba,short_term_forecast,m4,1,mamba_short_term_forecast_m4_weekly_dm96_df8_expand2_dc2_dtr16_0026,results/short_term_forecast_mamba_short_term_forecast_m4_weekly_dm96_df8_expand2_dc2_dtr16_0026_mamba_short_term_forecast_m4_weekly_dm96_df8_expand2_dc2_dtr16_0026,results/short_term_forecast_mamba_short_term_forecast_m4_weekly_dm96_df8_expand2_dc2_dtr16_0026_mamba_short_term_forecast_m4_weekly_dm96_df8_expand2_dc2_dtr16_0026/metrics.npy,success,,12.052373886108398,,11.400933265686035,4.163491249084473
mamba_short_term_forecast_m4_weekly_dm96_df12_expand2_dc4_dtr32_0027,mamba_short_term_forecast_m4_weekly_dm96_df12_expand2_dc4_dtr32_0027,Mamba,short_term_forecast,m4,1,mamba_short_term_forecast_m4_weekly_dm96_df12_expand2_dc4_dtr32_0027,results/short_term_forecast_mamba_short_term_forecast_m4_weekly_dm96_df12_expand2_dc4_dtr32_0027_mamba_short_term_forecast_m4_weekly_dm96_df12_expand2_dc4_dtr32_0027,results/short_term_forecast_mamba_short_term_forecast_m4_weekly_dm96_df12_expand2_dc4_dtr32_0027_mamba_short_term_forecast_m4_weekly_dm96_df12_expand2_dc4_dtr32_0027/metrics.npy,success,,11.894347190856934,,11.29080581665039,4.156240463256836
mamba_short_term_forecast_m4_weekly_dm96_df16_expand1_dc2_dtr16_0028,mamba_short_term_forecast_m4_weekly_dm96_df16_expand1_dc2_dtr16_0028,Mamba,short_term_forecast,m4,1,mamba_short_term_forecast_m4_weekly_dm96_df16_expand1_dc2_dtr16_0028,results/short_term_forecast_mamba_short_term_forecast_m4_weekly_dm96_df16_expand1_dc2_dtr16_0028_mamba_short_term_forecast_m4_weekly_dm96_df16_expand1_dc2_dtr16_0028,results/short_term_forecast_mamba_short_term_forecast_m4_weekly_dm96_df16_expand1_dc2_dtr16_0028_mamba_short_term_forecast_m4_weekly_dm96_df16_expand1_dc2_dtr16_0028/metrics.npy,success,,12.20481014251709,,11.49516487121582,4.542099952697754
mamba_short_term_forecast_m4_weekly_dm96_df16_expand1_dc4_dtr8_0029,mamba_short_term_forecast_m4_weekly_dm96_df16_expand1_dc4_dtr8_0029,Mamba,short_term_forecast,m4,1,mamba_short_term_forecast_m4_weekly_dm96_df16_expand1_dc4_dtr8_0029,results/short_term_forecast_mamba_short_term_forecast_m4_weekly_dm96_df16_expand1_dc4_dtr8_0029_mamba_short_term_forecast_m4_weekly_dm96_df16_expand1_dc4_dtr8_0029,results/short_term_forecast_mamba_short_term_forecast_m4_weekly_dm96_df16_expand1_dc4_dtr8_0029_mamba_short_term_forecast_m4_weekly_dm96_df16_expand1_dc4_dtr8_0029/metrics.npy,success,,12.05280876159668,,11.290472984313965,4.208672046661377
mamba_short_term_forecast_m4_weekly_dm128_df16_expand2_dc3_dtr32_0030,mamba_short_term_forecast_m4_weekly_dm128_df16_expand2_dc3_dtr32_0030,Mamba,short_term_forecast,m4,1,mamba_short_term_forecast_m4_weekly_dm128_df16_expand2_dc3_dtr32_0030,results/short_term_forecast_mamba_short_term_forecast_m4_weekly_dm128_df16_expand2_dc3_dtr32_0030_mamba_short_term_forecast_m4_weekly_dm128_df16_expand2_dc3_dtr32_0030,results/short_term_forecast_mamba_short_term_forecast_m4_weekly_dm128_df16_expand2_dc3_dtr32_0030_mamba_short_term_forecast_m4_weekly_dm128_df16_expand2_dc3_dtr32_0030/metrics.npy,success,,11.914360046386719,,11.063002586364746,4.194643974304199
mamba_short_term_forecast_m4_weekly_dm64_df12_expand1_dc2_dtr16_0031,mamba_short_term_forecast_m4_weekly_dm64_df12_expand1_dc2_dtr16_0031,Mamba,short_term_forecast,m4,1,mamba_short_term_forecast_m4_weekly_dm64_df12_expand1_dc2_dtr16_0031,results/short_term_forecast_mamba_short_term_forecast_m4_weekly_dm64_df12_expand1_dc2_dtr16_0031_mamba_short_term_forecast_m4_weekly_dm64_df12_expand1_dc2_dtr16_0031,results/short_term_forecast_mamba_short_term_forecast_m4_weekly_dm64_df12_expand1_dc2_dtr16_0031_mamba_short_term_forecast_m4_weekly_dm64_df12_expand1_dc2_dtr16_0031/metrics.npy,success,,12.272199630737305,,11.467811584472656,4.231979846954346
mamba_short_term_forecast_m4_weekly_dm96_df12_expand2_dc4_dtr8_0032,mamba_short_term_forecast_m4_weekly_dm96_df12_expand2_dc4_dtr8_0032,Mamba,short_term_forecast,m4,1,mamba_short_term_forecast_m4_weekly_dm96_df12_expand2_dc4_dtr8_0032,results/short_term_forecast_mamba_short_term_forecast_m4_weekly_dm96_df12_expand2_dc4_dtr8_0032_mamba_short_term_forecast_m4_weekly_dm96_df12_expand2_dc4_dtr8_0032,results/short_term_forecast_mamba_short_term_forecast_m4_weekly_dm96_df12_expand2_dc4_dtr8_0032_mamba_short_term_forecast_m4_weekly_dm96_df12_expand2_dc4_dtr8_0032/metrics.npy,success,,12.086451530456543,,11.262347221374512,4.20314884185791
mamba_short_term_forecast_m4_weekly_dm64_df12_expand1_dc3_dtr16_0033,mamba_short_term_forecast_m4_weekly_dm64_df12_expand1_dc3_dtr16_0033,Mamba,short_term_forecast,m4,1,mamba_short_term_forecast_m4_weekly_dm64_df12_expand1_dc3_dtr16_0033,results/short_term_forecast_mamba_short_term_forecast_m4_weekly_dm64_df12_expand1_dc3_dtr16_0033_mamba_short_term_forecast_m4_weekly_dm64_df12_expand1_dc3_dtr16_0033,results/short_term_forecast_mamba_short_term_forecast_m4_weekly_dm64_df12_expand1_dc3_dtr16_0033_mamba_short_term_forecast_m4_weekly_dm64_df12_expand1_dc3_dtr16_0033/metrics.npy,success,,12.168301582336426,,11.437543869018555,4.3788580894470215
mamba_short_term_forecast_m4_weekly_dm96_df12_expand1_dc2_dtr32_0034,mamba_short_term_forecast_m4_weekly_dm96_df12_expand1_dc2_dtr32_0034,Mamba,short_term_forecast,m4,1,mamba_short_term_forecast_m4_weekly_dm96_df12_expand1_dc2_dtr32_0034,results/short_term_forecast_mamba_short_term_forecast_m4_weekly_dm96_df12_expand1_dc2_dtr32_0034_mamba_short_term_forecast_m4_weekly_dm96_df12_expand1_dc2_dtr32_0034,results/short_term_forecast_mamba_short_term_forecast_m4_weekly_dm96_df12_expand1_dc2_dtr32_0034_mamba_short_term_forecast_m4_weekly_dm96_df12_expand1_dc2_dtr32_0034/metrics.npy,success,,12.141984939575195,,11.408735275268555,4.306451797485352
mamba_short_term_forecast_m4_weekly_dm128_df16_expand1_dc2_dtr8_0035,mamba_short_term_forecast_m4_weekly_dm128_df16_expand1_dc2_dtr8_0035,Mamba,short_term_forecast,m4,1,mamba_short_term_forecast_m4_weekly_dm128_df16_expand1_dc2_dtr8_0035,results/short_term_forecast_mamba_short_term_forecast_m4_weekly_dm128_df16_expand1_dc2_dtr8_0035_mamba_short_term_forecast_m4_weekly_dm128_df16_expand1_dc2_dtr8_0035,results/short_term_forecast_mamba_short_term_forecast_m4_weekly_dm128_df16_expand1_dc2_dtr8_0035_mamba_short_term_forecast_m4_weekly_dm128_df16_expand1_dc2_dtr8_0035/metrics.npy,success,,11.887665748596191,,11.308873176574707,4.3266072273254395
mamba_short_term_forecast_m4_weekly_dm96_df8_expand1_dc3_dtr16_0036,mamba_short_term_forecast_m4_weekly_dm96_df8_expand1_dc3_dtr16_0036,Mamba,short_term_forecast,m4,1,mamba_short_term_forecast_m4_weekly_dm96_df8_expand1_dc3_dtr16_0036,results/short_term_forecast_mamba_short_term_forecast_m4_weekly_dm96_df8_expand1_dc3_dtr16_0036_mamba_short_term_forecast_m4_weekly_dm96_df8_expand1_dc3_dtr16_0036,results/short_term_forecast_mamba_short_term_forecast_m4_weekly_dm96_df8_expand1_dc3_dtr16_0036_mamba_short_term_forecast_m4_weekly_dm96_df8_expand1_dc3_dtr16_0036/metrics.npy,success,,11.967252731323242,,11.18824577331543,4.000488758087158
mamba_short_term_forecast_m4_weekly_dm64_df12_expand1_dc2_dtr8_0037,mamba_short_term_forecast_m4_weekly_dm64_df12_expand1_dc2_dtr8_0037,Mamba,short_term_forecast,m4,1,mamba_short_term_forecast_m4_weekly_dm64_df12_expand1_dc2_dtr8_0037,results/short_term_forecast_mamba_short_term_forecast_m4_weekly_dm64_df12_expand1_dc2_dtr8_0037_mamba_short_term_forecast_m4_weekly_dm64_df12_expand1_dc2_dtr8_0037,results/short_term_forecast_mamba_short_term_forecast_m4_weekly_dm64_df12_expand1_dc2_dtr8_0037_mamba_short_term_forecast_m4_weekly_dm64_df12_expand1_dc2_dtr8_0037/metrics.npy,success,,12.410999298095703,,11.530044555664062,4.380993843078613
mamba_short_term_forecast_m4_weekly_dm128_df16_expand1_dc3_dtr32_0038,mamba_short_term_forecast_m4_weekly_dm128_df16_expand1_dc3_dtr32_0038,Mamba,short_term_forecast,m4,1,mamba_short_term_forecast_m4_weekly_dm128_df16_expand1_dc3_dtr32_0038,results/short_term_forecast_mamba_short_term_forecast_m4_weekly_dm128_df16_expand1_dc3_dtr32_0038_mamba_short_term_forecast_m4_weekly_dm128_df16_expand1_dc3_dtr32_0038,results/short_term_forecast_mamba_short_term_forecast_m4_weekly_dm128_df16_expand1_dc3_dtr32_0038_mamba_short_term_forecast_m4_weekly_dm128_df16_expand1_dc3_dtr32_0038/metrics.npy,success,,11.777251243591309,,11.32492733001709,4.311929225921631
mamba_short_term_forecast_m4_weekly_dm96_df12_expand2_dc2_dtr16_0039,mamba_short_term_forecast_m4_weekly_dm96_df12_expand2_dc2_dtr16_0039,Mamba,short_term_forecast,m4,1,mamba_short_term_forecast_m4_weekly_dm96_df12_expand2_dc2_dtr16_0039,results/short_term_forecast_mamba_short_term_forecast_m4_weekly_dm96_df12_expand2_dc2_dtr16_0039_mamba_short_term_forecast_m4_weekly_dm96_df12_expand2_dc2_dtr16_0039,results/short_term_forecast_mamba_short_term_forecast_m4_weekly_dm96_df12_expand2_dc2_dtr16_0039_mamba_short_term_forecast_m4_weekly_dm96_df12_expand2_dc2_dtr16_0039/metrics.npy,success,,12.205105781555176,,11.353997230529785,4.314157962799072
mamba_short_term_forecast_m4_weekly_dm96_df16_expand1_dc2_dtr8_0040,mamba_short_term_forecast_m4_weekly_dm96_df16_expand1_dc2_dtr8_0040,Mamba,short_term_forecast,m4,1,mamba_short_term_forecast_m4_weekly_dm96_df16_expand1_dc2_dtr8_0040,results/short_term_forecast_mamba_short_term_forecast_m4_weekly_dm96_df16_expand1_dc2_dtr8_0040_mamba_short_term_forecast_m4_weekly_dm96_df16_expand1_dc2_dtr8_0040,results/short_term_forecast_mamba_short_term_forecast_m4_weekly_dm96_df16_expand1_dc2_dtr8_0040_mamba_short_term_forecast_m4_weekly_dm96_df16_expand1_dc2_dtr8_0040/metrics.npy,success,,12.170933723449707,,11.41724681854248,4.2859697341918945
mamba_short_term_forecast_m4_weekly_dm128_df12_expand1_dc4_dtr32_0041,mamba_short_term_forecast_m4_weekly_dm128_df12_expand1_dc4_dtr32_0041,Mamba,short_term_forecast,m4,1,mamba_short_term_forecast_m4_weekly_dm128_df12_expand1_dc4_dtr32_0041,results/short_term_forecast_mamba_short_term_forecast_m4_weekly_dm128_df12_expand1_dc4_dtr32_0041_mamba_short_term_forecast_m4_weekly_dm128_df12_expand1_dc4_dtr32_0041,results/short_term_forecast_mamba_short_term_forecast_m4_weekly_dm128_df12_expand1_dc4_dtr32_0041_mamba_short_term_forecast_m4_weekly_dm128_df12_expand1_dc4_dtr32_0041/metrics.npy,success,,11.857413291931152,,11.09401798248291,4.157257080078125
mamba_short_term_forecast_m4_weekly_dm128_df12_expand1_dc2_dtr16_0042,mamba_short_term_forecast_m4_weekly_dm128_df12_expand1_dc2_dtr16_0042,Mamba,short_term_forecast,m4,1,mamba_short_term_forecast_m4_weekly_dm128_df12_expand1_dc2_dtr16_0042,results/short_term_forecast_mamba_short_term_forecast_m4_weekly_dm128_df12_expand1_dc2_dtr16_0042_mamba_short_term_forecast_m4_weekly_dm128_df12_expand1_dc2_dtr16_0042,results/short_term_forecast_mamba_short_term_forecast_m4_weekly_dm128_df12_expand1_dc2_dtr16_0042_mamba_short_term_forecast_m4_weekly_dm128_df12_expand1_dc2_dtr16_0042/metrics.npy,success,,12.445880889892578,,11.545483589172363,4.396425724029541
mamba_short_term_forecast_m4_weekly_dm64_df16_expand1_dc3_dtr8_0043,mamba_short_term_forecast_m4_weekly_dm64_df16_expand1_dc3_dtr8_0043,Mamba,short_term_forecast,m4,1,mamba_short_term_forecast_m4_weekly_dm64_df16_expand1_dc3_dtr8_0043,results/short_term_forecast_mamba_short_term_forecast_m4_weekly_dm64_df16_expand1_dc3_dtr8_0043_mamba_short_term_forecast_m4_weekly_dm64_df16_expand1_dc3_dtr8_0043,results/short_term_forecast_mamba_short_term_forecast_m4_weekly_dm64_df16_expand1_dc3_dtr8_0043_mamba_short_term_forecast_m4_weekly_dm64_df16_expand1_dc3_dtr8_0043/metrics.npy,success,,12.202239990234375,,11.412393569946289,4.277255535125732
mamba_short_term_forecast_m4_weekly_dm64_df8_expand1_dc3_dtr8_0044,mamba_short_term_forecast_m4_weekly_dm64_df8_expand1_dc3_dtr8_0044,Mamba,short_term_forecast,m4,1,mamba_short_term_forecast_m4_weekly_dm64_df8_expand1_dc3_dtr8_0044,results/short_term_forecast_mamba_short_term_forecast_m4_weekly_dm64_df8_expand1_dc3_dtr8_0044_mamba_short_term_forecast_m4_weekly_dm64_df8_expand1_dc3_dtr8_0044,results/short_term_forecast_mamba_short_term_forecast_m4_weekly_dm64_df8_expand1_dc3_dtr8_0044_mamba_short_term_forecast_m4_weekly_dm64_df8_expand1_dc3_dtr8_0044/metrics.npy,success,,12.555909156799316,,11.571050643920898,4.343494415283203
mamba_short_term_forecast_m4_weekly_dm128_df8_expand1_dc2_dtr8_0045,mamba_short_term_forecast_m4_weekly_dm128_df8_expand1_dc2_dtr8_0045,Mamba,short_term_forecast,m4,1,mamba_short_term_forecast_m4_weekly_dm128_df8_expand1_dc2_dtr8_0045,results/short_term_forecast_mamba_short_term_forecast_m4_weekly_dm128_df8_expand1_dc2_dtr8_0045_mamba_short_term_forecast_m4_weekly_dm128_df8_expand1_dc2_dtr8_0045,results/short_term_forecast_mamba_short_term_forecast_m4_weekly_dm128_df8_expand1_dc2_dtr8_0045_mamba_short_term_forecast_m4_weekly_dm128_df8_expand1_dc2_dtr8_0045/metrics.npy,success,,11.816689491271973,,11.430931091308594,4.40061092376709
mamba_short_term_forecast_m4_weekly_dm128_df8_expand2_dc3_dtr32_0046,mamba_short_term_forecast_m4_weekly_dm128_df8_expand2_dc3_dtr32_0046,Mamba,short_term_forecast,m4,1,mamba_short_term_forecast_m4_weekly_dm128_df8_expand2_dc3_dtr32_0046,results/short_term_forecast_mamba_short_term_forecast_m4_weekly_dm128_df8_expand2_dc3_dtr32_0046_mamba_short_term_forecast_m4_weekly_dm128_df8_expand2_dc3_dtr32_0046,results/short_term_forecast_mamba_short_term_forecast_m4_weekly_dm128_df8_expand2_dc3_dtr32_0046_mamba_short_term_forecast_m4_weekly_dm128_df8_expand2_dc3_dtr32_0046/metrics.npy,success,,12.180899620056152,,11.28750228881836,4.26885461807251
mamba_short_term_forecast_m4_weekly_dm64_df16_expand2_dc2_dtr32_0047,mamba_short_term_forecast_m4_weekly_dm64_df16_expand2_dc2_dtr32_0047,Mamba,short_term_forecast,m4,1,mamba_short_term_forecast_m4_weekly_dm64_df16_expand2_dc2_dtr32_0047,results/short_term_forecast_mamba_short_term_forecast_m4_weekly_dm64_df16_expand2_dc2_dtr32_0047_mamba_short_term_forecast_m4_weekly_dm64_df16_expand2_dc2_dtr32_0047,results/short_term_forecast_mamba_short_term_forecast_m4_weekly_dm64_df16_expand2_dc2_dtr32_0047_mamba_short_term_forecast_m4_weekly_dm64_df16_expand2_dc2_dtr32_0047/metrics.npy,success,,12.372629165649414,,11.50146770477295,4.347513675689697
mamba_short_term_forecast_m4_weekly_dm64_df16_expand2_dc2_dtr16_0048,mamba_short_term_forecast_m4_weekly_dm64_df16_expand2_dc2_dtr16_0048,Mamba,short_term_forecast,m4,1,mamba_short_term_forecast_m4_weekly_dm64_df16_expand2_dc2_dtr16_0048,results/short_term_forecast_mamba_short_term_forecast_m4_weekly_dm64_df16_expand2_dc2_dtr16_0048_mamba_short_term_forecast_m4_weekly_dm64_df16_expand2_dc2_dtr16_0048,results/short_term_forecast_mamba_short_term_forecast_m4_weekly_dm64_df16_expand2_dc2_dtr16_0048_mamba_short_term_forecast_m4_weekly_dm64_df16_expand2_dc2_dtr16_0048/metrics.npy,success,,12.368980407714844,,11.558022499084473,4.409046173095703
mamba_short_term_forecast_m4_weekly_dm96_df8_expand1_dc3_dtr32_0049,mamba_short_term_forecast_m4_weekly_dm96_df8_expand1_dc3_dtr32_0049,Mamba,short_term_forecast,m4,1,mamba_short_term_forecast_m4_weekly_dm96_df8_expand1_dc3_dtr32_0049,results/short_term_forecast_mamba_short_term_forecast_m4_weekly_dm96_df8_expand1_dc3_dtr32_0049_mamba_short_term_forecast_m4_weekly_dm96_df8_expand1_dc3_dtr32_0049,results/short_term_forecast_mamba_short_term_forecast_m4_weekly_dm96_df8_expand1_dc3_dtr32_0049_mamba_short_term_forecast_m4_weekly_dm96_df8_expand1_dc3_dtr32_0049/metrics.npy,success,,11.909930229187012,,11.233577728271484,4.14242696762085
mamba_short_term_forecast_m4_weekly_dm96_df8_expand1_dc2_dtr8_0050,mamba_short_term_forecast_m4_weekly_dm96_df8_expand1_dc2_dtr8_0050,Mamba,short_term_forecast,m4,1,mamba_short_term_forecast_m4_weekly_dm96_df8_expand1_dc2_dtr8_0050,results/short_term_forecast_mamba_short_term_forecast_m4_weekly_dm96_df8_expand1_dc2_dtr8_0050_mamba_short_term_forecast_m4_weekly_dm96_df8_expand1_dc2_dtr8_0050,results/short_term_forecast_mamba_short_term_forecast_m4_weekly_dm96_df8_expand1_dc2_dtr8_0050_mamba_short_term_forecast_m4_weekly_dm96_df8_expand1_dc2_dtr8_0050/metrics.npy,success,,12.089964866638184,,11.336012840270996,4.1118669509887695
mamba_short_term_forecast_m4_weekly_dm64_df8_expand2_dc2_dtr32_0051,mamba_short_term_forecast_m4_weekly_dm64_df8_expand2_dc2_dtr32_0051,Mamba,short_term_forecast,m4,1,mamba_short_term_forecast_m4_weekly_dm64_df8_expand2_dc2_dtr32_0051,results/short_term_forecast_mamba_short_term_forecast_m4_weekly_dm64_df8_expand2_dc2_dtr32_0051_mamba_short_term_forecast_m4_weekly_dm64_df8_expand2_dc2_dtr32_0051,results/short_term_forecast_mamba_short_term_forecast_m4_weekly_dm64_df8_expand2_dc2_dtr32_0051_mamba_short_term_forecast_m4_weekly_dm64_df8_expand2_dc2_dtr32_0051/metrics.npy,success,,11.98207950592041,,11.37618350982666,4.374483108520508
mamba_short_term_forecast_m4_weekly_dm64_df16_expand2_dc4_dtr8_0052,mamba_short_term_forecast_m4_weekly_dm64_df16_expand2_dc4_dtr8_0052,Mamba,short_term_forecast,m4,1,mamba_short_term_forecast_m4_weekly_dm64_df16_expand2_dc4_dtr8_0052,results/short_term_forecast_mamba_short_term_forecast_m4_weekly_dm64_df16_expand2_dc4_dtr8_0052_mamba_short_term_forecast_m4_weekly_dm64_df16_expand2_dc4_dtr8_0052,results/short_term_forecast_mamba_short_term_forecast_m4_weekly_dm64_df16_expand2_dc4_dtr8_0052_mamba_short_term_forecast_m4_weekly_dm64_df16_expand2_dc4_dtr8_0052/metrics.npy,success,,12.070366859436035,,11.461112022399902,4.327178955078125
mamba_short_term_forecast_m4_weekly_dm128_df16_expand2_dc4_dtr8_0053,mamba_short_term_forecast_m4_weekly_dm128_df16_expand2_dc4_dtr8_0053,Mamba,short_term_forecast,m4,1,mamba_short_term_forecast_m4_weekly_dm128_df16_expand2_dc4_dtr8_0053,results/short_term_forecast_mamba_short_term_forecast_m4_weekly_dm128_df16_expand2_dc4_dtr8_0053_mamba_short_term_forecast_m4_weekly_dm128_df16_expand2_dc4_dtr8_0053,results/short_term_forecast_mamba_short_term_forecast_m4_weekly_dm128_df16_expand2_dc4_dtr8_0053_mamba_short_term_forecast_m4_weekly_dm128_df16_expand2_dc4_dtr8_0053/metrics.npy,success,,12.055919647216797,,11.458029747009277,4.313694953918457
mamba_short_term_forecast_m4_weekly_dm96_df8_expand2_dc4_dtr16_0054,mamba_short_term_forecast_m4_weekly_dm96_df8_expand2_dc4_dtr16_0054,Mamba,short_term_forecast,m4,1,mamba_short_term_forecast_m4_weekly_dm96_df8_expand2_dc4_dtr16_0054,results/short_term_forecast_mamba_short_term_forecast_m4_weekly_dm96_df8_expand2_dc4_dtr16_0054_mamba_short_term_forecast_m4_weekly_dm96_df8_expand2_dc4_dtr16_0054,results/short_term_forecast_mamba_short_term_forecast_m4_weekly_dm96_df8_expand2_dc4_dtr16_0054_mamba_short_term_forecast_m4_weekly_dm96_df8_expand2_dc4_dtr16_0054/metrics.npy,success,,11.991660118103027,,11.319977760314941,4.433469772338867
mamba_short_term_forecast_m4_weekly_dm96_df8_expand2_dc2_dtr8_0055,mamba_short_term_forecast_m4_weekly_dm96_df8_expand2_dc2_dtr8_0055,Mamba,short_term_forecast,m4,1,mamba_short_term_forecast_m4_weekly_dm96_df8_expand2_dc2_dtr8_0055,results/short_term_forecast_mamba_short_term_forecast_m4_weekly_dm96_df8_expand2_dc2_dtr8_0055_mamba_short_term_forecast_m4_weekly_dm96_df8_expand2_dc2_dtr8_0055,results/short_term_forecast_mamba_short_term_forecast_m4_weekly_dm96_df8_expand2_dc2_dtr8_0055_mamba_short_term_forecast_m4_weekly_dm96_df8_expand2_dc2_dtr8_0055/metrics.npy,success,,12.079550743103027,,11.268136978149414,4.0869574546813965
mamba_short_term_forecast_m4_weekly_dm64_df8_expand2_dc3_dtr32_0056,mamba_short_term_forecast_m4_weekly_dm64_df8_expand2_dc3_dtr32_0056,Mamba,short_term_forecast,m4,1,mamba_short_term_forecast_m4_weekly_dm64_df8_expand2_dc3_dtr32_0056,results/short_term_forecast_mamba_short_term_forecast_m4_weekly_dm64_df8_expand2_dc3_dtr32_0056_mamba_short_term_forecast_m4_weekly_dm64_df8_expand2_dc3_dtr32_0056,results/short_term_forecast_mamba_short_term_forecast_m4_weekly_dm64_df8_expand2_dc3_dtr32_0056_mamba_short_term_forecast_m4_weekly_dm64_df8_expand2_dc3_dtr32_0056/metrics.npy,success,,12.403212547302246,,11.470806121826172,4.40546178817749
mamba_short_term_forecast_m4_weekly_dm128_df8_expand2_dc4_dtr16_0057,mamba_short_term_forecast_m4_weekly_dm128_df8_expand2_dc4_dtr16_0057,Mamba,short_term_forecast,m4,1,mamba_short_term_forecast_m4_weekly_dm128_df8_expand2_dc4_dtr16_0057,results/short_term_forecast_mamba_short_term_forecast_m4_weekly_dm128_df8_expand2_dc4_dtr16_0057_mamba_short_term_forecast_m4_weekly_dm128_df8_expand2_dc4_dtr16_0057,results/short_term_forecast_mamba_short_term_forecast_m4_weekly_dm128_df8_expand2_dc4_dtr16_0057_mamba_short_term_forecast_m4_weekly_dm128_df8_expand2_dc4_dtr16_0057/metrics.npy,success,,11.856355667114258,,11.495477676391602,4.525942325592041
mamba_short_term_forecast_m4_weekly_dm128_df12_expand2_dc2_dtr16_0058,mamba_short_term_forecast_m4_weekly_dm128_df12_expand2_dc2_dtr16_0058,Mamba,short_term_forecast,m4,1,mamba_short_term_forecast_m4_weekly_dm128_df12_expand2_dc2_dtr16_0058,results/short_term_forecast_mamba_short_term_forecast_m4_weekly_dm128_df12_expand2_dc2_dtr16_0058_mamba_short_term_forecast_m4_weekly_dm128_df12_expand2_dc2_dtr16_0058,results/short_term_forecast_mamba_short_term_forecast_m4_weekly_dm128_df12_expand2_dc2_dtr16_0058_mamba_short_term_forecast_m4_weekly_dm128_df12_expand2_dc2_dtr16_0058/metrics.npy,success,,11.6798095703125,,11.461639404296875,4.443644046783447
mamba_short_term_forecast_m4_weekly_dm96_df16_expand2_dc3_dtr8_0059,mamba_short_term_forecast_m4_weekly_dm96_df16_expand2_dc3_dtr8_0059,Mamba,short_term_forecast,m4,1,mamba_short_term_forecast_m4_weekly_dm96_df16_expand2_dc3_dtr8_0059,results/short_term_forecast_mamba_short_term_forecast_m4_weekly_dm96_df16_expand2_dc3_dtr8_0059_mamba_short_term_forecast_m4_weekly_dm96_df16_expand2_dc3_dtr8_0059,results/short_term_forecast_mamba_short_term_forecast_m4_weekly_dm96_df16_expand2_dc3_dtr8_0059_mamba_short_term_forecast_m4_weekly_dm96_df16_expand2_dc3_dtr8_0059/metrics.npy,success,,12.07594108581543,,11.2513427734375,4.120135307312012
mamba_short_term_forecast_m4_weekly_dm128_df12_expand1_dc4_dtr16_0060,mamba_short_term_forecast_m4_weekly_dm128_df12_expand1_dc4_dtr16_0060,Mamba,short_term_forecast,m4,1,mamba_short_term_forecast_m4_weekly_dm128_df12_expand1_dc4_dtr16_0060,results/short_term_forecast_mamba_short_term_forecast_m4_weekly_dm128_df12_expand1_dc4_dtr16_0060_mamba_short_term_forecast_m4_weekly_dm128_df12_expand1_dc4_dtr16_0060,results/short_term_forecast_mamba_short_term_forecast_m4_weekly_dm128_df12_expand1_dc4_dtr16_0060_mamba_short_term_forecast_m4_weekly_dm128_df12_expand1_dc4_dtr16_0060/metrics.npy,success,,12.290912628173828,,11.602988243103027,4.7469916343688965
mamba_short_term_forecast_m4_weekly_dm96_df12_expand1_dc3_dtr16_0061,mamba_short_term_forecast_m4_weekly_dm96_df12_expand1_dc3_dtr16_0061,Mamba,short_term_forecast,m4,1,mamba_short_term_forecast_m4_weekly_dm96_df12_expand1_dc3_dtr16_0061,results/short_term_forecast_mamba_short_term_forecast_m4_weekly_dm96_df12_expand1_dc3_dtr16_0061_mamba_short_term_forecast_m4_weekly_dm96_df12_expand1_dc3_dtr16_0061,results/short_term_forecast_mamba_short_term_forecast_m4_weekly_dm96_df12_expand1_dc3_dtr16_0061_mamba_short_term_forecast_m4_weekly_dm96_df12_expand1_dc3_dtr16_0061/metrics.npy,success,,12.103317260742188,,11.240601539611816,4.241188049316406
mamba_short_term_forecast_m4_weekly_dm96_df8_expand1_dc4_dtr32_0062,mamba_short_term_forecast_m4_weekly_dm96_df8_expand1_dc4_dtr32_0062,Mamba,short_term_forecast,m4,1,mamba_short_term_forecast_m4_weekly_dm96_df8_expand1_dc4_dtr32_0062,results/short_term_forecast_mamba_short_term_forecast_m4_weekly_dm96_df8_expand1_dc4_dtr32_0062_mamba_short_term_forecast_m4_weekly_dm96_df8_expand1_dc4_dtr32_0062,results/short_term_forecast_mamba_short_term_forecast_m4_weekly_dm96_df8_expand1_dc4_dtr32_0062_mamba_short_term_forecast_m4_weekly_dm96_df8_expand1_dc4_dtr32_0062/metrics.npy,success,,12.065771102905273,,11.405817985534668,4.2191925048828125
mamba_short_term_forecast_m4_weekly_dm64_df16_expand2_dc3_dtr32_0063,mamba_short_term_forecast_m4_weekly_dm64_df16_expand2_dc3_dtr32_0063,Mamba,short_term_forecast,m4,1,mamba_short_term_forecast_m4_weekly_dm64_df16_expand2_dc3_dtr32_0063,results/short_term_forecast_mamba_short_term_forecast_m4_weekly_dm64_df16_expand2_dc3_dtr32_0063_mamba_short_term_forecast_m4_weekly_dm64_df16_expand2_dc3_dtr32_0063,results/short_term_forecast_mamba_short_term_forecast_m4_weekly_dm64_df16_expand2_dc3_dtr32_0063_mamba_short_term_forecast_m4_weekly_dm64_df16_expand2_dc3_dtr32_0063/metrics.npy,success,,12.332695007324219,,11.459593772888184,4.377262592315674
mamba_short_term_forecast_m4_weekly_dm96_df8_expand2_dc3_dtr16_0064,mamba_short_term_forecast_m4_weekly_dm96_df8_expand2_dc3_dtr16_0064,Mamba,short_term_forecast,m4,1,mamba_short_term_forecast_m4_weekly_dm96_df8_expand2_dc3_dtr16_0064,results/short_term_forecast_mamba_short_term_forecast_m4_weekly_dm96_df8_expand2_dc3_dtr16_0064_mamba_short_term_forecast_m4_weekly_dm96_df8_expand2_dc3_dtr16_0064,results/short_term_forecast_mamba_short_term_forecast_m4_weekly_dm96_df8_expand2_dc3_dtr16_0064_mamba_short_term_forecast_m4_weekly_dm96_df8_expand2_dc3_dtr16_0064/metrics.npy,success,,12.02841854095459,,11.345894813537598,4.446786403656006
mamba_short_term_forecast_m4_weekly_dm64_df12_expand2_dc4_dtr8_0065,mamba_short_term_forecast_m4_weekly_dm64_df12_expand2_dc4_dtr8_0065,Mamba,short_term_forecast,m4,1,mamba_short_term_forecast_m4_weekly_dm64_df12_expand2_dc4_dtr8_0065,results/short_term_forecast_mamba_short_term_forecast_m4_weekly_dm64_df12_expand2_dc4_dtr8_0065_mamba_short_term_forecast_m4_weekly_dm64_df12_expand2_dc4_dtr8_0065,results/short_term_forecast_mamba_short_term_forecast_m4_weekly_dm64_df12_expand2_dc4_dtr8_0065_mamba_short_term_forecast_m4_weekly_dm64_df12_expand2_dc4_dtr8_0065/metrics.npy,success,,11.738621711730957,,11.310550689697266,4.159281253814697
mamba_short_term_forecast_m4_weekly_dm128_df12_expand2_dc3_dtr8_0066,mamba_short_term_forecast_m4_weekly_dm128_df12_expand2_dc3_dtr8_0066,Mamba,short_term_forecast,m4,1,mamba_short_term_forecast_m4_weekly_dm128_df12_expand2_dc3_dtr8_0066,results/short_term_forecast_mamba_short_term_forecast_m4_weekly_dm128_df12_expand2_dc3_dtr8_0066_mamba_short_term_forecast_m4_weekly_dm128_df12_expand2_dc3_dtr8_0066,results/short_term_forecast_mamba_short_term_forecast_m4_weekly_dm128_df12_expand2_dc3_dtr8_0066_mamba_short_term_forecast_m4_weekly_dm128_df12_expand2_dc3_dtr8_0066/metrics.npy,success,,12.084732055664062,,11.32954216003418,4.077917575836182
mamba_short_term_forecast_m4_weekly_dm96_df12_expand1_dc2_dtr8_0067,mamba_short_term_forecast_m4_weekly_dm96_df12_expand1_dc2_dtr8_0067,Mamba,short_term_forecast,m4,1,mamba_short_term_forecast_m4_weekly_dm96_df12_expand1_dc2_dtr8_0067,results/short_term_forecast_mamba_short_term_forecast_m4_weekly_dm96_df12_expand1_dc2_dtr8_0067_mamba_short_term_forecast_m4_weekly_dm96_df12_expand1_dc2_dtr8_0067,results/short_term_forecast_mamba_short_term_forecast_m4_weekly_dm96_df12_expand1_dc2_dtr8_0067_mamba_short_term_forecast_m4_weekly_dm96_df12_expand1_dc2_dtr8_0067/metrics.npy,success,,12.075571060180664,,11.331775665283203,4.277214050292969
mamba_short_term_forecast_m4_weekly_dm128_df16_expand1_dc3_dtr16_0068,mamba_short_term_forecast_m4_weekly_dm128_df16_expand1_dc3_dtr16_0068,Mamba,short_term_forecast,m4,1,mamba_short_term_forecast_m4_weekly_dm128_df16_expand1_dc3_dtr16_0068,results/short_term_forecast_mamba_short_term_forecast_m4_weekly_dm128_df16_expand1_dc3_dtr16_0068_mamba_short_term_forecast_m4_weekly_dm128_df16_expand1_dc3_dtr16_0068,results/short_term_forecast_mamba_short_term_forecast_m4_weekly_dm128_df16_expand1_dc3_dtr16_0068_mamba_short_term_forecast_m4_weekly_dm128_df16_expand1_dc3_dtr16_0068/metrics.npy,success,,11.855780601501465,,11.48525333404541,4.5743255615234375
mamba_short_term_forecast_m4_weekly_dm96_df8_expand2_dc2_dtr32_0069,mamba_short_term_forecast_m4_weekly_dm96_df8_expand2_dc2_dtr32_0069,Mamba,short_term_forecast,m4,1,mamba_short_term_forecast_m4_weekly_dm96_df8_expand2_dc2_dtr32_0069,results/short_term_forecast_mamba_short_term_forecast_m4_weekly_dm96_df8_expand2_dc2_dtr32_0069_mamba_short_term_forecast_m4_weekly_dm96_df8_expand2_dc2_dtr32_0069,results/short_term_forecast_mamba_short_term_forecast_m4_weekly_dm96_df8_expand2_dc2_dtr32_0069_mamba_short_term_forecast_m4_weekly_dm96_df8_expand2_dc2_dtr32_0069/metrics.npy,success,,12.19374942779541,,11.489381790161133,4.517465591430664
mamba_short_term_forecast_m4_weekly_dm96_df8_expand2_dc3_dtr8_0070,mamba_short_term_forecast_m4_weekly_dm96_df8_expand2_dc3_dtr8_0070,Mamba,short_term_forecast,m4,1,mamba_short_term_forecast_m4_weekly_dm96_df8_expand2_dc3_dtr8_0070,results/short_term_forecast_mamba_short_term_forecast_m4_weekly_dm96_df8_expand2_dc3_dtr8_0070_mamba_short_term_forecast_m4_weekly_dm96_df8_expand2_dc3_dtr8_0070,results/short_term_forecast_mamba_short_term_forecast_m4_weekly_dm96_df8_expand2_dc3_dtr8_0070_mamba_short_term_forecast_m4_weekly_dm96_df8_expand2_dc3_dtr8_0070/metrics.npy,success,,12.202583312988281,,11.29625415802002,3.994753360748291
mamba_short_term_forecast_m4_weekly_dm128_df8_expand2_dc2_dtr16_0071,mamba_short_term_forecast_m4_weekly_dm128_df8_expand2_dc2_dtr16_0071,Mamba,short_term_forecast,m4,1,mamba_short_term_forecast_m4_weekly_dm128_df8_expand2_dc2_dtr16_0071,results/short_term_forecast_mamba_short_term_forecast_m4_weekly_dm128_df8_expand2_dc2_dtr16_0071_mamba_short_term_forecast_m4_weekly_dm128_df8_expand2_dc2_dtr16_0071,results/short_term_forecast_mamba_short_term_forecast_m4_weekly_dm128_df8_expand2_dc2_dtr16_0071_mamba_short_term_forecast_m4_weekly_dm128_df8_expand2_dc2_dtr16_0071/metrics.npy,success,,12.496014595031738,,11.656962394714355,4.569561004638672
mamba_short_term_forecast_m4_weekly_dm128_df8_expand2_dc3_dtr8_0072,mamba_short_term_forecast_m4_weekly_dm128_df8_expand2_dc3_dtr8_0072,Mamba,short_term_forecast,m4,1,mamba_short_term_forecast_m4_weekly_dm128_df8_expand2_dc3_dtr8_0072,results/short_term_forecast_mamba_short_term_forecast_m4_weekly_dm128_df8_expand2_dc3_dtr8_0072_mamba_short_term_forecast_m4_weekly_dm128_df8_expand2_dc3_dtr8_0072,results/short_term_forecast_mamba_short_term_forecast_m4_weekly_dm128_df8_expand2_dc3_dtr8_0072_mamba_short_term_forecast_m4_weekly_dm128_df8_expand2_dc3_dtr8_0072/metrics.npy,success,,11.964805603027344,,11.190084457397461,4.213873863220215
mamba_short_term_forecast_m4_weekly_dm128_df16_expand1_dc2_dtr16_0073,mamba_short_term_forecast_m4_weekly_dm128_df16_expand1_dc2_dtr16_0073,Mamba,short_term_forecast,m4,1,mamba_short_term_forecast_m4_weekly_dm128_df16_expand1_dc2_dtr16_0073,results/short_term_forecast_mamba_short_term_forecast_m4_weekly_dm128_df16_expand1_dc2_dtr16_0073_mamba_short_term_forecast_m4_weekly_dm128_df16_expand1_dc2_dtr16_0073,results/short_term_forecast_mamba_short_term_forecast_m4_weekly_dm128_df16_expand1_dc2_dtr16_0073_mamba_short_term_forecast_m4_weekly_dm128_df16_expand1_dc2_dtr16_0073/metrics.npy,success,,11.751739501953125,,11.346463203430176,4.288240909576416
mamba_short_term_forecast_m4_weekly_dm64_df8_expand2_dc4_dtr16_0074,mamba_short_term_forecast_m4_weekly_dm64_df8_expand2_dc4_dtr16_0074,Mamba,short_term_forecast,m4,1,mamba_short_term_forecast_m4_weekly_dm64_df8_expand2_dc4_dtr16_0074,results/short_term_forecast_mamba_short_term_forecast_m4_weekly_dm64_df8_expand2_dc4_dtr16_0074_mamba_short_term_forecast_m4_weekly_dm64_df8_expand2_dc4_dtr16_0074,results/short_term_forecast_mamba_short_term_forecast_m4_weekly_dm64_df8_expand2_dc4_dtr16_0074_mamba_short_term_forecast_m4_weekly_dm64_df8_expand2_dc4_dtr16_0074/metrics.npy,success,,12.197778701782227,,11.324904441833496,4.274075984954834
mamba_short_term_forecast_m4_weekly_dm64_df8_expand1_dc4_dtr8_0075,mamba_short_term_forecast_m4_weekly_dm64_df8_expand1_dc4_dtr8_0075,Mamba,short_term_forecast,m4,1,mamba_short_term_forecast_m4_weekly_dm64_df8_expand1_dc4_dtr8_0075,results/short_term_forecast_mamba_short_term_forecast_m4_weekly_dm64_df8_expand1_dc4_dtr8_0075_mamba_short_term_forecast_m4_weekly_dm64_df8_expand1_dc4_dtr8_0075,results/short_term_forecast_mamba_short_term_forecast_m4_weekly_dm64_df8_expand1_dc4_dtr8_0075_mamba_short_term_forecast_m4_weekly_dm64_df8_expand1_dc4_dtr8_0075/metrics.npy,success,,12.371562004089355,,11.519700050354004,4.207563400268555
mamba_short_term_forecast_m4_weekly_dm96_df16_expand1_dc2_dtr32_0076,mamba_short_term_forecast_m4_weekly_dm96_df16_expand1_dc2_dtr32_0076,Mamba,short_term_forecast,m4,1,mamba_short_term_forecast_m4_weekly_dm96_df16_expand1_dc2_dtr32_0076,results/short_term_forecast_mamba_short_term_forecast_m4_weekly_dm96_df16_expand1_dc2_dtr32_0076_mamba_short_term_forecast_m4_weekly_dm96_df16_expand1_dc2_dtr32_0076,results/short_term_forecast_mamba_short_term_forecast_m4_weekly_dm96_df16_expand1_dc2_dtr32_0076_mamba_short_term_forecast_m4_weekly_dm96_df16_expand1_dc2_dtr32_0076/metrics.npy,success,,12.156492233276367,,11.370831489562988,4.287448883056641
mamba_short_term_forecast_m4_weekly_dm96_df12_expand2_dc3_dtr16_0077,mamba_short_term_forecast_m4_weekly_dm96_df12_expand2_dc3_dtr16_0077,Mamba,short_term_forecast,m4,1,mamba_short_term_forecast_m4_weekly_dm96_df12_expand2_dc3_dtr16_0077,results/short_term_forecast_mamba_short_term_forecast_m4_weekly_dm96_df12_expand2_dc3_dtr16_0077_mamba_short_term_forecast_m4_weekly_dm96_df12_expand2_dc3_dtr16_0077,results/short_term_forecast_mamba_short_term_forecast_m4_weekly_dm96_df12_expand2_dc3_dtr16_0077_mamba_short_term_forecast_m4_weekly_dm96_df12_expand2_dc3_dtr16_0077/metrics.npy,success,,12.198468208312988,,11.435394287109375,4.415559768676758
mamba_short_term_forecast_m4_weekly_dm64_df8_expand2_dc3_dtr16_0078,mamba_short_term_forecast_m4_weekly_dm64_df8_expand2_dc3_dtr16_0078,Mamba,short_term_forecast,m4,1,mamba_short_term_forecast_m4_weekly_dm64_df8_expand2_dc3_dtr16_0078,results/short_term_forecast_mamba_short_term_forecast_m4_weekly_dm64_df8_expand2_dc3_dtr16_0078_mamba_short_term_forecast_m4_weekly_dm64_df8_expand2_dc3_dtr16_0078,results/short_term_forecast_mamba_short_term_forecast_m4_weekly_dm64_df8_expand2_dc3_dtr16_0078_mamba_short_term_forecast_m4_weekly_dm64_df8_expand2_dc3_dtr16_0078/metrics.npy,success,,12.148069381713867,,11.297075271606445,4.214141368865967
mamba_short_term_forecast_m4_weekly_dm96_df12_expand1_dc4_dtr16_0079,mamba_short_term_forecast_m4_weekly_dm96_df12_expand1_dc4_dtr16_0079,Mamba,short_term_forecast,m4,1,mamba_short_term_forecast_m4_weekly_dm96_df12_expand1_dc4_dtr16_0079,results/short_term_forecast_mamba_short_term_forecast_m4_weekly_dm96_df12_expand1_dc4_dtr16_0079_mamba_short_term_forecast_m4_weekly_dm96_df12_expand1_dc4_dtr16_0079,results/short_term_forecast_mamba_short_term_forecast_m4_weekly_dm96_df12_expand1_dc4_dtr16_0079_mamba_short_term_forecast_m4_weekly_dm96_df12_expand1_dc4_dtr16_0079/metrics.npy,success,,12.201743125915527,,11.307201385498047,4.241306304931641
mamba_short_term_forecast_m4_weekly_dm96_df16_expand2_dc4_dtr8_0080,mamba_short_term_forecast_m4_weekly_dm96_df16_expand2_dc4_dtr8_0080,Mamba,short_term_forecast,m4,1,mamba_short_term_forecast_m4_weekly_dm96_df16_expand2_dc4_dtr8_0080,results/short_term_forecast_mamba_short_term_forecast_m4_weekly_dm96_df16_expand2_dc4_dtr8_0080_mamba_short_term_forecast_m4_weekly_dm96_df16_expand2_dc4_dtr8_0080,results/short_term_forecast_mamba_short_term_forecast_m4_weekly_dm96_df16_expand2_dc4_dtr8_0080_mamba_short_term_forecast_m4_weekly_dm96_df16_expand2_dc4_dtr8_0080/metrics.npy,success,,11.800729751586914,,11.200092315673828,4.2071943283081055
mamba_short_term_forecast_m4_weekly_dm96_df8_expand1_dc4_dtr8_0081,mamba_short_term_forecast_m4_weekly_dm96_df8_expand1_dc4_dtr8_0081,Mamba,short_term_forecast,m4,1,mamba_short_term_forecast_m4_weekly_dm96_df8_expand1_dc4_dtr8_0081,results/short_term_forecast_mamba_short_term_forecast_m4_weekly_dm96_df8_expand1_dc4_dtr8_0081_mamba_short_term_forecast_m4_weekly_dm96_df8_expand1_dc4_dtr8_0081,results/short_term_forecast_mamba_short_term_forecast_m4_weekly_dm96_df8_expand1_dc4_dtr8_0081_mamba_short_term_forecast_m4_weekly_dm96_df8_expand1_dc4_dtr8_0081/metrics.npy,success,,11.988166809082031,,11.26889705657959,4.2276153564453125
mamba_short_term_forecast_m4_weekly_dm128_df16_expand1_dc4_dtr16_0082,mamba_short_term_forecast_m4_weekly_dm128_df16_expand1_dc4_dtr16_0082,Mamba,short_term_forecast,m4,1,mamba_short_term_forecast_m4_weekly_dm128_df16_expand1_dc4_dtr16_0082,results/short_term_forecast_mamba_short_term_forecast_m4_weekly_dm128_df16_expand1_dc4_dtr16_0082_mamba_short_term_forecast_m4_weekly_dm128_df16_expand1_dc4_dtr16_0082,results/short_term_forecast_mamba_short_term_forecast_m4_weekly_dm128_df16_expand1_dc4_dtr16_0082_mamba_short_term_forecast_m4_weekly_dm128_df16_expand1_dc4_dtr16_0082/metrics.npy,success,,11.801936149597168,,11.145001411437988,4.132750511169434
mamba_short_term_forecast_m4_weekly_dm96_df16_expand1_dc3_dtr16_0083,mamba_short_term_forecast_m4_weekly_dm96_df16_expand1_dc3_dtr16_0083,Mamba,short_term_forecast,m4,1,mamba_short_term_forecast_m4_weekly_dm96_df16_expand1_dc3_dtr16_0083,results/short_term_forecast_mamba_short_term_forecast_m4_weekly_dm96_df16_expand1_dc3_dtr16_0083_mamba_short_term_forecast_m4_weekly_dm96_df16_expand1_dc3_dtr16_0083,results/short_term_forecast_mamba_short_term_forecast_m4_weekly_dm96_df16_expand1_dc3_dtr16_0083_mamba_short_term_forecast_m4_weekly_dm96_df16_expand1_dc3_dtr16_0083/metrics.npy,success,,11.964506149291992,,11.490601539611816,4.673486709594727
mamba_short_term_forecast_m4_weekly_dm64_df12_expand2_dc2_dtr32_0084,mamba_short_term_forecast_m4_weekly_dm64_df12_expand2_dc2_dtr32_0084,Mamba,short_term_forecast,m4,1,mamba_short_term_forecast_m4_weekly_dm64_df12_expand2_dc2_dtr32_0084,results/short_term_forecast_mamba_short_term_forecast_m4_weekly_dm64_df12_expand2_dc2_dtr32_0084_mamba_short_term_forecast_m4_weekly_dm64_df12_expand2_dc2_dtr32_0084,results/short_term_forecast_mamba_short_term_forecast_m4_weekly_dm64_df12_expand2_dc2_dtr32_0084_mamba_short_term_forecast_m4_weekly_dm64_df12_expand2_dc2_dtr32_0084/metrics.npy,success,,12.39192008972168,,11.575715065002441,4.487419605255127
mamba_short_term_forecast_m4_weekly_dm64_df8_expand2_dc4_dtr8_0085,mamba_short_term_forecast_m4_weekly_dm64_df8_expand2_dc4_dtr8_0085,Mamba,short_term_forecast,m4,1,mamba_short_term_forecast_m4_weekly_dm64_df8_expand2_dc4_dtr8_0085,results/short_term_forecast_mamba_short_term_forecast_m4_weekly_dm64_df8_expand2_dc4_dtr8_0085_mamba_short_term_forecast_m4_weekly_dm64_df8_expand2_dc4_dtr8_0085,results/short_term_forecast_mamba_short_term_forecast_m4_weekly_dm64_df8_expand2_dc4_dtr8_0085_mamba_short_term_forecast_m4_weekly_dm64_df8_expand2_dc4_dtr8_0085/metrics.npy,success,,12.094589233398438,,11.293676376342773,4.216032028198242
mamba_short_term_forecast_m4_weekly_dm128_df12_expand1_dc2_dtr8_0086,mamba_short_term_forecast_m4_weekly_dm128_df12_expand1_dc2_dtr8_0086,Mamba,short_term_forecast,m4,1,mamba_short_term_forecast_m4_weekly_dm128_df12_expand1_dc2_dtr8_0086,results/short_term_forecast_mamba_short_term_forecast_m4_weekly_dm128_df12_expand1_dc2_dtr8_0086_mamba_short_term_forecast_m4_weekly_dm128_df12_expand1_dc2_dtr8_0086,results/short_term_forecast_mamba_short_term_forecast_m4_weekly_dm128_df12_expand1_dc2_dtr8_0086_mamba_short_term_forecast_m4_weekly_dm128_df12_expand1_dc2_dtr8_0086/metrics.npy,success,,12.165166854858398,,11.31364631652832,4.169516563415527
mamba_short_term_forecast_m4_weekly_dm128_df16_expand2_dc4_dtr16_0087,mamba_short_term_forecast_m4_weekly_dm128_df16_expand2_dc4_dtr16_0087,Mamba,short_term_forecast,m4,1,mamba_short_term_forecast_m4_weekly_dm128_df16_expand2_dc4_dtr16_0087,results/short_term_forecast_mamba_short_term_forecast_m4_weekly_dm128_df16_expand2_dc4_dtr16_0087_mamba_short_term_forecast_m4_weekly_dm128_df16_expand2_dc4_dtr16_0087,results/short_term_forecast_mamba_short_term_forecast_m4_weekly_dm128_df16_expand2_dc4_dtr16_0087_mamba_short_term_forecast_m4_weekly_dm128_df16_expand2_dc4_dtr16_0087/metrics.npy,success,,11.999001502990723,,11.242345809936523,4.190603256225586
mamba_short_term_forecast_m4_weekly_dm96_df8_expand2_dc4_dtr8_0088,mamba_short_term_forecast_m4_weekly_dm96_df8_expand2_dc4_dtr8_0088,Mamba,short_term_forecast,m4,1,mamba_short_term_forecast_m4_weekly_dm96_df8_expand2_dc4_dtr8_0088,results/short_term_forecast_mamba_short_term_forecast_m4_weekly_dm96_df8_expand2_dc4_dtr8_0088_mamba_short_term_forecast_m4_weekly_dm96_df8_expand2_dc4_dtr8_0088,results/short_term_forecast_mamba_short_term_forecast_m4_weekly_dm96_df8_expand2_dc4_dtr8_0088_mamba_short_term_forecast_m4_weekly_dm96_df8_expand2_dc4_dtr8_0088/metrics.npy,success,,11.872418403625488,,11.367355346679688,4.294034957885742
mamba_short_term_forecast_m4_weekly_dm64_df12_expand2_dc3_dtr32_0089,mamba_short_term_forecast_m4_weekly_dm64_df12_expand2_dc3_dtr32_0089,Mamba,short_term_forecast,m4,1,mamba_short_term_forecast_m4_weekly_dm64_df12_expand2_dc3_dtr32_0089,results/short_term_forecast_mamba_short_term_forecast_m4_weekly_dm64_df12_expand2_dc3_dtr32_0089_mamba_short_term_forecast_m4_weekly_dm64_df12_expand2_dc3_dtr32_0089,results/short_term_forecast_mamba_short_term_forecast_m4_weekly_dm64_df12_expand2_dc3_dtr32_0089_mamba_short_term_forecast_m4_weekly_dm64_df12_expand2_dc3_dtr32_0089/metrics.npy,success,,12.355583190917969,,11.508620262145996,4.518639087677002
mamba_short_term_forecast_m4_weekly_dm96_df8_expand2_dc4_dtr32_0090,mamba_short_term_forecast_m4_weekly_dm96_df8_expand2_dc4_dtr32_0090,Mamba,short_term_forecast,m4,1,mamba_short_term_forecast_m4_weekly_dm96_df8_expand2_dc4_dtr32_0090,results/short_term_forecast_mamba_short_term_forecast_m4_weekly_dm96_df8_expand2_dc4_dtr32_0090_mamba_short_term_forecast_m4_weekly_dm96_df8_expand2_dc4_dtr32_0090,results/short_term_forecast_mamba_short_term_forecast_m4_weekly_dm96_df8_expand2_dc4_dtr32_0090_mamba_short_term_forecast_m4_weekly_dm96_df8_expand2_dc4_dtr32_0090/metrics.npy,success,,11.916150093078613,,11.124658584594727,4.194576740264893
mamba_short_term_forecast_m4_weekly_dm128_df8_expand1_dc2_dtr32_0091,mamba_short_term_forecast_m4_weekly_dm128_df8_expand1_dc2_dtr32_0091,Mamba,short_term_forecast,m4,1,mamba_short_term_forecast_m4_weekly_dm128_df8_expand1_dc2_dtr32_0091,results/short_term_forecast_mamba_short_term_forecast_m4_weekly_dm128_df8_expand1_dc2_dtr32_0091_mamba_short_term_forecast_m4_weekly_dm128_df8_expand1_dc2_dtr32_0091,results/short_term_forecast_mamba_short_term_forecast_m4_weekly_dm128_df8_expand1_dc2_dtr32_0091_mamba_short_term_forecast_m4_weekly_dm128_df8_expand1_dc2_dtr32_0091/metrics.npy,success,,12.277969360351562,,11.390169143676758,4.14703369140625
mamba_short_term_forecast_m4_weekly_dm128_df8_expand2_dc2_dtr32_0092,mamba_short_term_forecast_m4_weekly_dm128_df8_expand2_dc2_dtr32_0092,Mamba,short_term_forecast,m4,1,mamba_short_term_forecast_m4_weekly_dm128_df8_expand2_dc2_dtr32_0092,results/short_term_forecast_mamba_short_term_forecast_m4_weekly_dm128_df8_expand2_dc2_dtr32_0092_mamba_short_term_forecast_m4_weekly_dm128_df8_expand2_dc2_dtr32_0092,results/short_term_forecast_mamba_short_term_forecast_m4_weekly_dm128_df8_expand2_dc2_dtr32_0092_mamba_short_term_forecast_m4_weekly_dm128_df8_expand2_dc2_dtr32_0092/metrics.npy,success,,12.115777015686035,,11.369800567626953,4.192486763000488
mamba_short_term_forecast_m4_weekly_dm96_df16_expand2_dc3_dtr32_0093,mamba_short_term_forecast_m4_weekly_dm96_df16_expand2_dc3_dtr32_0093,Mamba,short_term_forecast,m4,1,mamba_short_term_forecast_m4_weekly_dm96_df16_expand2_dc3_dtr32_0093,results/short_term_forecast_mamba_short_term_forecast_m4_weekly_dm96_df16_expand2_dc3_dtr32_0093_mamba_short_term_forecast_m4_weekly_dm96_df16_expand2_dc3_dtr32_0093,results/short_term_forecast_mamba_short_term_forecast_m4_weekly_dm96_df16_expand2_dc3_dtr32_0093_mamba_short_term_forecast_m4_weekly_dm96_df16_expand2_dc3_dtr32_0093/metrics.npy,success,,11.973569869995117,,11.2382230758667,4.168031215667725
mamba_short_term_forecast_m4_weekly_dm96_df12_expand2_dc2_dtr32_0094,mamba_short_term_forecast_m4_weekly_dm96_df12_expand2_dc2_dtr32_0094,Mamba,short_term_forecast,m4,1,mamba_short_term_forecast_m4_weekly_dm96_df12_expand2_dc2_dtr32_0094,results/short_term_forecast_mamba_short_term_forecast_m4_weekly_dm96_df12_expand2_dc2_dtr32_0094_mamba_short_term_forecast_m4_weekly_dm96_df12_expand2_dc2_dtr32_0094,results/short_term_forecast_mamba_short_term_forecast_m4_weekly_dm96_df12_expand2_dc2_dtr32_0094_mamba_short_term_forecast_m4_weekly_dm96_df12_expand2_dc2_dtr32_0094/metrics.npy,success,,12.282235145568848,,11.400861740112305,4.125160217285156
mamba_short_term_forecast_m4_weekly_dm96_df16_expand1_dc3_dtr32_0095,mamba_short_term_forecast_m4_weekly_dm96_df16_expand1_dc3_dtr32_0095,Mamba,short_term_forecast,m4,1,mamba_short_term_forecast_m4_weekly_dm96_df16_expand1_dc3_dtr32_0095,results/short_term_forecast_mamba_short_term_forecast_m4_weekly_dm96_df16_expand1_dc3_dtr32_0095_mamba_short_term_forecast_m4_weekly_dm96_df16_expand1_dc3_dtr32_0095,results/short_term_forecast_mamba_short_term_forecast_m4_weekly_dm96_df16_expand1_dc3_dtr32_0095_mamba_short_term_forecast_m4_weekly_dm96_df16_expand1_dc3_dtr32_0095/metrics.npy,success,,12.098006248474121,,11.288124084472656,4.293944835662842
mamba_short_term_forecast_m4_weekly_dm96_df8_expand1_dc2_dtr16_0096,mamba_short_term_forecast_m4_weekly_dm96_df8_expand1_dc2_dtr16_0096,Mamba,short_term_forecast,m4,1,mamba_short_term_forecast_m4_weekly_dm96_df8_expand1_dc2_dtr16_0096,results/short_term_forecast_mamba_short_term_forecast_m4_weekly_dm96_df8_expand1_dc2_dtr16_0096_mamba_short_term_forecast_m4_weekly_dm96_df8_expand1_dc2_dtr16_0096,results/short_term_forecast_mamba_short_term_forecast_m4_weekly_dm96_df8_expand1_dc2_dtr16_0096_mamba_short_term_forecast_m4_weekly_dm96_df8_expand1_dc2_dtr16_0096/metrics.npy,success,,12.061007499694824,,11.169229507446289,4.167023181915283
mamba_short_term_forecast_m4_weekly_dm128_df12_expand2_dc4_dtr32_0097,mamba_short_term_forecast_m4_weekly_dm128_df12_expand2_dc4_dtr32_0097,Mamba,short_term_forecast,m4,1,mamba_short_term_forecast_m4_weekly_dm128_df12_expand2_dc4_dtr32_0097,results/short_term_forecast_mamba_short_term_forecast_m4_weekly_dm128_df12_expand2_dc4_dtr32_0097_mamba_short_term_forecast_m4_weekly_dm128_df12_expand2_dc4_dtr32_0097,results/short_term_forecast_mamba_short_term_forecast_m4_weekly_dm128_df12_expand2_dc4_dtr32_0097_mamba_short_term_forecast_m4_weekly_dm128_df12_expand2_dc4_dtr32_0097/metrics.npy,success,,11.750707626342773,,11.125377655029297,4.03860330581665
mamba_short_term_forecast_m4_weekly_dm64_df16_expand1_dc2_dtr16_0098,mamba_short_term_forecast_m4_weekly_dm64_df16_expand1_dc2_dtr16_0098,Mamba,short_term_forecast,m4,1,mamba_short_term_forecast_m4_weekly_dm64_df16_expand1_dc2_dtr16_0098,results/short_term_forecast_mamba_short_term_forecast_m4_weekly_dm64_df16_expand1_dc2_dtr16_0098_mamba_short_term_forecast_m4_weekly_dm64_df16_expand1_dc2_dtr16_0098,results/short_term_forecast_mamba_short_term_forecast_m4_weekly_dm64_df16_expand1_dc2_dtr16_0098_mamba_short_term_forecast_m4_weekly_dm64_df16_expand1_dc2_dtr16_0098/metrics.npy,success,,12.310014724731445,,11.46040153503418,4.408418655395508
mamba_short_term_forecast_m4_weekly_dm64_df12_expand2_dc4_dtr16_0099,mamba_short_term_forecast_m4_weekly_dm64_df12_expand2_dc4_dtr16_0099,Mamba,short_term_forecast,m4,1,mamba_short_term_forecast_m4_weekly_dm64_df12_expand2_dc4_dtr16_0099,results/short_term_forecast_mamba_short_term_forecast_m4_weekly_dm64_df12_expand2_dc4_dtr16_0099_mamba_short_term_forecast_m4_weekly_dm64_df12_expand2_dc4_dtr16_0099,results/short_term_forecast_mamba_short_term_forecast_m4_weekly_dm64_df12_expand2_dc4_dtr16_0099_mamba_short_term_forecast_m4_weekly_dm64_df12_expand2_dc4_dtr16_0099/metrics.npy,success,,12.532659530639648,,11.522581100463867,4.271069049835205
mamba_short_term_forecast_m4_weekly_dm128_df16_expand1_dc3_dtr8_0100,mamba_short_term_forecast_m4_weekly_dm128_df16_expand1_dc3_dtr8_0100,Mamba,short_term_forecast,m4,1,mamba_short_term_forecast_m4_weekly_dm128_df16_expand1_dc3_dtr8_0100,results/short_term_forecast_mamba_short_term_forecast_m4_weekly_dm128_df16_expand1_dc3_dtr8_0100_mamba_short_term_forecast_m4_weekly_dm128_df16_expand1_dc3_dtr8_0100,results/short_term_forecast_mamba_short_term_forecast_m4_weekly_dm128_df16_expand1_dc3_dtr8_0100_mamba_short_term_forecast_m4_weekly_dm128_df16_expand1_dc3_dtr8_0100/metrics.npy,success,,12.216096878051758,,11.324365615844727,4.157183647155762
