candidate_id,candidate_name,model,task_name,data,run_index,run_name,result_dir,metrics_path,status,error,mae,mse,rmse,mape,mspe
mamba_long_term_forecast_exchange_dm64_df12_expand2_dc3_dtr8_0001,mamba_long_term_forecast_exchange_dm64_df12_expand2_dc3_dtr8_0001,Mamba,long_term_forecast,custom,1,mamba_long_term_forecast_exchange_dm64_df12_expand2_dc3_dtr8_0001,results/long_term_forecast_mamba_long_term_forecast_exchange_dm64_df12_expand2_dc3_dtr8_0001_mamba_long_term_forecast_exchange_dm64_df12_expand2_dc3_dtr8_0001,results/long_term_forecast_mamba_long_term_forecast_exchange_dm64_df12_expand2_dc3_dtr8_0001_mamba_long_term_forecast_exchange_dm64_df12_expand2_dc3_dtr8_0001/metrics.npy,success,,0.2653834819793701,0.13591045141220093,0.3686603605747223,1.6116375923156738,1325.3994140625
mamba_long_term_forecast_exchange_dm96_df12_expand2_dc2_dtr8_0002,mamba_long_term_forecast_exchange_dm96_df12_expand2_dc2_dtr8_0002,Mamba,long_term_forecast,custom,1,mamba_long_term_forecast_exchange_dm96_df12_expand2_dc2_dtr8_0002,results/long_term_forecast_mamba_long_term_forecast_exchange_dm96_df12_expand2_dc2_dtr8_0002_mamba_long_term_forecast_exchange_dm96_df12_expand2_dc2_dtr8_0002,results/long_term_forecast_mamba_long_term_forecast_exchange_dm96_df12_expand2_dc2_dtr8_0002_mamba_long_term_forecast_exchange_dm96_df12_expand2_dc2_dtr8_0002/metrics.npy,success,,0.2753182351589203,0.1478314995765686,0.38448861241340637,1.7199313640594482,1658.3260498046875
mamba_long_term_forecast_exchange_dm128_df12_expand1_dc2_dtr32_0003,mamba_long_term_forecast_exchange_dm128_df12_expand1_dc2_dtr32_0003,Mamba,long_term_forecast,custom,1,mamba_long_term_forecast_exchange_dm128_df12_expand1_dc2_dtr32_0003,results/long_term_forecast_mamba_long_term_forecast_exchange_dm128_df12_expand1_dc2_dtr32_0003_mamba_long_term_forecast_exchange_dm128_df12_expand1_dc2_dtr32_0003,results/long_term_forecast_mamba_long_term_forecast_exchange_dm128_df12_expand1_dc2_dtr32_0003_mamba_long_term_forecast_exchange_dm128_df12_expand1_dc2_dtr32_0003/metrics.npy,success,,0.2640606462955475,0.1354892998933792,0.3680887222290039,1.644274115562439,1459.9002685546875
mamba_long_term_forecast_exchange_dm128_df12_expand1_dc3_dtr32_0004,mamba_long_term_forecast_exchange_dm128_df12_expand1_dc3_dtr32_0004,Mamba,long_term_forecast,custom,1,mamba_long_term_forecast_exchange_dm128_df12_expand1_dc3_dtr32_0004,results/long_term_forecast_mamba_long_term_forecast_exchange_dm128_df12_expand1_dc3_dtr32_0004_mamba_long_term_forecast_exchange_dm128_df12_expand1_dc3_dtr32_0004,results/long_term_forecast_mamba_long_term_forecast_exchange_dm128_df12_expand1_dc3_dtr32_0004_mamba_long_term_forecast_exchange_dm128_df12_expand1_dc3_dtr32_0004/metrics.npy,success,,0.26981616020202637,0.14193952083587646,0.37674862146377563,1.7224597930908203,1689.3743896484375
mamba_long_term_forecast_exchange_dm64_df12_expand1_dc4_dtr32_0005,mamba_long_term_forecast_exchange_dm64_df12_expand1_dc4_dtr32_0005,Mamba,long_term_forecast,custom,1,mamba_long_term_forecast_exchange_dm64_df12_expand1_dc4_dtr32_0005,results/long_term_forecast_mamba_long_term_forecast_exchange_dm64_df12_expand1_dc4_dtr32_0005_mamba_long_term_forecast_exchange_dm64_df12_expand1_dc4_dtr32_0005,results/long_term_forecast_mamba_long_term_forecast_exchange_dm64_df12_expand1_dc4_dtr32_0005_mamba_long_term_forecast_exchange_dm64_df12_expand1_dc4_dtr32_0005/metrics.npy,success,,0.2641147971153259,0.13559801876544952,0.36823636293411255,1.6369425058364868,1455.03466796875
mamba_long_term_forecast_exchange_dm96_df8_expand1_dc3_dtr8_0006,mamba_long_term_forecast_exchange_dm96_df8_expand1_dc3_dtr8_0006,Mamba,long_term_forecast,custom,1,mamba_long_term_forecast_exchange_dm96_df8_expand1_dc3_dtr8_0006,results/long_term_forecast_mamba_long_term_forecast_exchange_dm96_df8_expand1_dc3_dtr8_0006_mamba_long_term_forecast_exchange_dm96_df8_expand1_dc3_dtr8_0006,results/long_term_forecast_mamba_long_term_forecast_exchange_dm96_df8_expand1_dc3_dtr8_0006_mamba_long_term_forecast_exchange_dm96_df8_expand1_dc3_dtr8_0006/metrics.npy,success,,0.27076178789138794,0.14277784526348114,0.37785956263542175,1.6438006162643433,1585.8880615234375
mamba_long_term_forecast_exchange_dm128_df16_expand2_dc2_dtr8_0007,mamba_long_term_forecast_exchange_dm128_df16_expand2_dc2_dtr8_0007,Mamba,long_term_forecast,custom,1,mamba_long_term_forecast_exchange_dm128_df16_expand2_dc2_dtr8_0007,results/long_term_forecast_mamba_long_term_forecast_exchange_dm128_df16_expand2_dc2_dtr8_0007_mamba_long_term_forecast_exchange_dm128_df16_expand2_dc2_dtr8_0007,results/long_term_forecast_mamba_long_term_forecast_exchange_dm128_df16_expand2_dc2_dtr8_0007_mamba_long_term_forecast_exchange_dm128_df16_expand2_dc2_dtr8_0007/metrics.npy,success,,0.2651905417442322,0.13534660637378693,0.36789482831954956,1.6566489934921265,1492.3489990234375
mamba_long_term_forecast_exchange_dm128_df12_expand2_dc4_dtr16_0008,mamba_long_term_forecast_exchange_dm128_df12_expand2_dc4_dtr16_0008,Mamba,long_term_forecast,custom,1,mamba_long_term_forecast_exchange_dm128_df12_expand2_dc4_dtr16_0008,results/long_term_forecast_mamba_long_term_forecast_exchange_dm128_df12_expand2_dc4_dtr16_0008_mamba_long_term_forecast_exchange_dm128_df12_expand2_dc4_dtr16_0008,results/long_term_forecast_mamba_long_term_forecast_exchange_dm128_df12_expand2_dc4_dtr16_0008_mamba_long_term_forecast_exchange_dm128_df12_expand2_dc4_dtr16_0008/metrics.npy,success,,0.26277956366539,0.1333782970905304,0.3652099370956421,1.645990014076233,1425.720703125
mamba_long_term_forecast_exchange_dm96_df16_expand2_dc4_dtr32_0009,mamba_long_term_forecast_exchange_dm96_df16_expand2_dc4_dtr32_0009,Mamba,long_term_forecast,custom,1,mamba_long_term_forecast_exchange_dm96_df16_expand2_dc4_dtr32_0009,results/long_term_forecast_mamba_long_term_forecast_exchange_dm96_df16_expand2_dc4_dtr32_0009_mamba_long_term_forecast_exchange_dm96_df16_expand2_dc4_dtr32_0009,results/long_term_forecast_mamba_long_term_forecast_exchange_dm96_df16_expand2_dc4_dtr32_0009_mamba_long_term_forecast_exchange_dm96_df16_expand2_dc4_dtr32_0009/metrics.npy,success,,0.2709641754627228,0.14277438819408417,0.37785497307777405,1.6904219388961792,1578.6839599609375
mamba_long_term_forecast_exchange_dm128_df16_expand1_dc2_dtr32_0010,mamba_long_term_forecast_exchange_dm128_df16_expand1_dc2_dtr32_0010,Mamba,long_term_forecast,custom,1,mamba_long_term_forecast_exchange_dm128_df16_expand1_dc2_dtr32_0010,results/long_term_forecast_mamba_long_term_forecast_exchange_dm128_df16_expand1_dc2_dtr32_0010_mamba_long_term_forecast_exchange_dm128_df16_expand1_dc2_dtr32_0010,results/long_term_forecast_mamba_long_term_forecast_exchange_dm128_df16_expand1_dc2_dtr32_0010_mamba_long_term_forecast_exchange_dm128_df16_expand1_dc2_dtr32_0010/metrics.npy,success,,0.2616268992424011,0.13208644092082977,0.3634369969367981,1.5907493829727173,1203.10791015625
mamba_long_term_forecast_exchange_dm128_df12_expand2_dc3_dtr32_0011,mamba_long_term_forecast_exchange_dm128_df12_expand2_dc3_dtr32_0011,Mamba,long_term_forecast,custom,1,mamba_long_term_forecast_exchange_dm128_df12_expand2_dc3_dtr32_0011,results/long_term_forecast_mamba_long_term_forecast_exchange_dm128_df12_expand2_dc3_dtr32_0011_mamba_long_term_forecast_exchange_dm128_df12_expand2_dc3_dtr32_0011,results/long_term_forecast_mamba_long_term_forecast_exchange_dm128_df12_expand2_dc3_dtr32_0011_mamba_long_term_forecast_exchange_dm128_df12_expand2_dc3_dtr32_0011/metrics.npy,success,,0.2619226574897766,0.13244634866714478,0.363931804895401,1.563718318939209,1167.56640625
mamba_long_term_forecast_exchange_dm128_df8_expand2_dc4_dtr32_0012,mamba_long_term_forecast_exchange_dm128_df8_expand2_dc4_dtr32_0012,Mamba,long_term_forecast,custom,1,mamba_long_term_forecast_exchange_dm128_df8_expand2_dc4_dtr32_0012,results/long_term_forecast_mamba_long_term_forecast_exchange_dm128_df8_expand2_dc4_dtr32_0012_mamba_long_term_forecast_exchange_dm128_df8_expand2_dc4_dtr32_0012,results/long_term_forecast_mamba_long_term_forecast_exchange_dm128_df8_expand2_dc4_dtr32_0012_mamba_long_term_forecast_exchange_dm128_df8_expand2_dc4_dtr32_0012/metrics.npy,success,,0.26133108139038086,0.13282334804534912,0.3644493818283081,1.600361943244934,1288.450927734375
mamba_long_term_forecast_exchange_dm128_df8_expand1_dc3_dtr16_0013,mamba_long_term_forecast_exchange_dm128_df8_expand1_dc3_dtr16_0013,Mamba,long_term_forecast,custom,1,mamba_long_term_forecast_exchange_dm128_df8_expand1_dc3_dtr16_0013,results/long_term_forecast_mamba_long_term_forecast_exchange_dm128_df8_expand1_dc3_dtr16_0013_mamba_long_term_forecast_exchange_dm128_df8_expand1_dc3_dtr16_0013,results/long_term_forecast_mamba_long_term_forecast_exchange_dm128_df8_expand1_dc3_dtr16_0013_mamba_long_term_forecast_exchange_dm128_df8_expand1_dc3_dtr16_0013/metrics.npy,success,,0.269605427980423,0.14173835515975952,0.3764815330505371,1.6812013387680054,1579.8609619140625
mamba_long_term_forecast_exchange_dm96_df8_expand1_dc4_dtr16_0014,mamba_long_term_forecast_exchange_dm96_df8_expand1_dc4_dtr16_0014,Mamba,long_term_forecast,custom,1,mamba_long_term_forecast_exchange_dm96_df8_expand1_dc4_dtr16_0014,results/long_term_forecast_mamba_long_term_forecast_exchange_dm96_df8_expand1_dc4_dtr16_0014_mamba_long_term_forecast_exchange_dm96_df8_expand1_dc4_dtr16_0014,results/long_term_forecast_mamba_long_term_forecast_exchange_dm96_df8_expand1_dc4_dtr16_0014_mamba_long_term_forecast_exchange_dm96_df8_expand1_dc4_dtr16_0014/metrics.npy,success,,0.26861849427223206,0.14046557247638702,0.3747873604297638,1.6521382331848145,1555.0450439453125
mamba_long_term_forecast_exchange_dm64_df8_expand1_dc2_dtr8_0015,mamba_long_term_forecast_exchange_dm64_df8_expand1_dc2_dtr8_0015,Mamba,long_term_forecast,custom,1,mamba_long_term_forecast_exchange_dm64_df8_expand1_dc2_dtr8_0015,results/long_term_forecast_mamba_long_term_forecast_exchange_dm64_df8_expand1_dc2_dtr8_0015_mamba_long_term_forecast_exchange_dm64_df8_expand1_dc2_dtr8_0015,results/long_term_forecast_mamba_long_term_forecast_exchange_dm64_df8_expand1_dc2_dtr8_0015_mamba_long_term_forecast_exchange_dm64_df8_expand1_dc2_dtr8_0015/metrics.npy,success,,0.27124151587486267,0.14257299900054932,0.3775883913040161,1.6693973541259766,1631.1600341796875
mamba_long_term_forecast_exchange_dm64_df12_expand1_dc2_dtr32_0016,mamba_long_term_forecast_exchange_dm64_df12_expand1_dc2_dtr32_0016,Mamba,long_term_forecast,custom,1,mamba_long_term_forecast_exchange_dm64_df12_expand1_dc2_dtr32_0016,results/long_term_forecast_mamba_long_term_forecast_exchange_dm64_df12_expand1_dc2_dtr32_0016_mamba_long_term_forecast_exchange_dm64_df12_expand1_dc2_dtr32_0016,results/long_term_forecast_mamba_long_term_forecast_exchange_dm64_df12_expand1_dc2_dtr32_0016_mamba_long_term_forecast_exchange_dm64_df12_expand1_dc2_dtr32_0016/metrics.npy,success,,0.2691802680492401,0.14041084051132202,0.37471434473991394,1.6530683040618896,1559.3311767578125
mamba_long_term_forecast_exchange_dm64_df12_expand2_dc2_dtr16_0017,mamba_long_term_forecast_exchange_dm64_df12_expand2_dc2_dtr16_0017,Mamba,long_term_forecast,custom,1,mamba_long_term_forecast_exchange_dm64_df12_expand2_dc2_dtr16_0017,results/long_term_forecast_mamba_long_term_forecast_exchange_dm64_df12_expand2_dc2_dtr16_0017_mamba_long_term_forecast_exchange_dm64_df12_expand2_dc2_dtr16_0017,results/long_term_forecast_mamba_long_term_forecast_exchange_dm64_df12_expand2_dc2_dtr16_0017_mamba_long_term_forecast_exchange_dm64_df12_expand2_dc2_dtr16_0017/metrics.npy,success,,0.2699735760688782,0.14058828353881836,0.374951034784317,1.6566885709762573,1573.458740234375
mamba_long_term_forecast_exchange_dm96_df12_expand1_dc2_dtr16_0018,mamba_long_term_forecast_exchange_dm96_df12_expand1_dc2_dtr16_0018,Mamba,long_term_forecast,custom,1,mamba_long_term_forecast_exchange_dm96_df12_expand1_dc2_dtr16_0018,results/long_term_forecast_mamba_long_term_forecast_exchange_dm96_df12_expand1_dc2_dtr16_0018_mamba_long_term_forecast_exchange_dm96_df12_expand1_dc2_dtr16_0018,results/long_term_forecast_mamba_long_term_forecast_exchange_dm96_df12_expand1_dc2_dtr16_0018_mamba_long_term_forecast_exchange_dm96_df12_expand1_dc2_dtr16_0018/metrics.npy,success,,0.2724413573741913,0.145209401845932,0.3810635209083557,1.686604380607605,1575.8634033203125
mamba_long_term_forecast_exchange_dm64_df12_expand1_dc4_dtr16_0019,mamba_long_term_forecast_exchange_dm64_df12_expand1_dc4_dtr16_0019,Mamba,long_term_forecast,custom,1,mamba_long_term_forecast_exchange_dm64_df12_expand1_dc4_dtr16_0019,results/long_term_forecast_mamba_long_term_forecast_exchange_dm64_df12_expand1_dc4_dtr16_0019_mamba_long_term_forecast_exchange_dm64_df12_expand1_dc4_dtr16_0019,results/long_term_forecast_mamba_long_term_forecast_exchange_dm64_df12_expand1_dc4_dtr16_0019_mamba_long_term_forecast_exchange_dm64_df12_expand1_dc4_dtr16_0019/metrics.npy,success,,0.2684403657913208,0.13930898904800415,0.3732411861419678,1.6472049951553345,1578.77294921875
mamba_long_term_forecast_exchange_dm128_df8_expand1_dc4_dtr16_0020,mamba_long_term_forecast_exchange_dm128_df8_expand1_dc4_dtr16_0020,Mamba,long_term_forecast,custom,1,mamba_long_term_forecast_exchange_dm128_df8_expand1_dc4_dtr16_0020,results/long_term_forecast_mamba_long_term_forecast_exchange_dm128_df8_expand1_dc4_dtr16_0020_mamba_long_term_forecast_exchange_dm128_df8_expand1_dc4_dtr16_0020,results/long_term_forecast_mamba_long_term_forecast_exchange_dm128_df8_expand1_dc4_dtr16_0020_mamba_long_term_forecast_exchange_dm128_df8_expand1_dc4_dtr16_0020/metrics.npy,success,,0.2598109543323517,0.13170363008975983,0.3629099428653717,1.6282641887664795,1413.34326171875
mamba_long_term_forecast_exchange_dm64_df8_expand1_dc2_dtr32_0021,mamba_long_term_forecast_exchange_dm64_df8_expand1_dc2_dtr32_0021,Mamba,long_term_forecast,custom,1,mamba_long_term_forecast_exchange_dm64_df8_expand1_dc2_dtr32_0021,results/long_term_forecast_mamba_long_term_forecast_exchange_dm64_df8_expand1_dc2_dtr32_0021_mamba_long_term_forecast_exchange_dm64_df8_expand1_dc2_dtr32_0021,results/long_term_forecast_mamba_long_term_forecast_exchange_dm64_df8_expand1_dc2_dtr32_0021_mamba_long_term_forecast_exchange_dm64_df8_expand1_dc2_dtr32_0021/metrics.npy,success,,0.2660873234272003,0.13874146342277527,0.3724801540374756,1.6438827514648438,1458.555419921875
mamba_long_term_forecast_exchange_dm128_df16_expand1_dc4_dtr8_0022,mamba_long_term_forecast_exchange_dm128_df16_expand1_dc4_dtr8_0022,Mamba,long_term_forecast,custom,1,mamba_long_term_forecast_exchange_dm128_df16_expand1_dc4_dtr8_0022,results/long_term_forecast_mamba_long_term_forecast_exchange_dm128_df16_expand1_dc4_dtr8_0022_mamba_long_term_forecast_exchange_dm128_df16_expand1_dc4_dtr8_0022,results/long_term_forecast_mamba_long_term_forecast_exchange_dm128_df16_expand1_dc4_dtr8_0022_mamba_long_term_forecast_exchange_dm128_df16_expand1_dc4_dtr8_0022/metrics.npy,success,,0.2619231641292572,0.13214895129203796,0.3635229766368866,1.6231430768966675,1303.6697998046875
mamba_long_term_forecast_exchange_dm96_df12_expand1_dc4_dtr32_0023,mamba_long_term_forecast_exchange_dm96_df12_expand1_dc4_dtr32_0023,Mamba,long_term_forecast,custom,1,mamba_long_term_forecast_exchange_dm96_df12_expand1_dc4_dtr32_0023,results/long_term_forecast_mamba_long_term_forecast_exchange_dm96_df12_expand1_dc4_dtr32_0023_mamba_long_term_forecast_exchange_dm96_df12_expand1_dc4_dtr32_0023,results/long_term_forecast_mamba_long_term_forecast_exchange_dm96_df12_expand1_dc4_dtr32_0023_mamba_long_term_forecast_exchange_dm96_df12_expand1_dc4_dtr32_0023/metrics.npy,success,,0.26883548498153687,0.13986054062843323,0.3739793300628662,1.67768132686615,1623.9124755859375
mamba_long_term_forecast_exchange_dm64_df16_expand2_dc4_dtr32_0024,mamba_long_term_forecast_exchange_dm64_df16_expand2_dc4_dtr32_0024,Mamba,long_term_forecast,custom,1,mamba_long_term_forecast_exchange_dm64_df16_expand2_dc4_dtr32_0024,results/long_term_forecast_mamba_long_term_forecast_exchange_dm64_df16_expand2_dc4_dtr32_0024_mamba_long_term_forecast_exchange_dm64_df16_expand2_dc4_dtr32_0024,results/long_term_forecast_mamba_long_term_forecast_exchange_dm64_df16_expand2_dc4_dtr32_0024_mamba_long_term_forecast_exchange_dm64_df16_expand2_dc4_dtr32_0024/metrics.npy,success,,0.2688812017440796,0.13948562741279602,0.3734777569770813,1.652825117111206,1617.832763671875
mamba_long_term_forecast_exchange_dm96_df16_expand2_dc2_dtr32_0025,mamba_long_term_forecast_exchange_dm96_df16_expand2_dc2_dtr32_0025,Mamba,long_term_forecast,custom,1,mamba_long_term_forecast_exchange_dm96_df16_expand2_dc2_dtr32_0025,results/long_term_forecast_mamba_long_term_forecast_exchange_dm96_df16_expand2_dc2_dtr32_0025_mamba_long_term_forecast_exchange_dm96_df16_expand2_dc2_dtr32_0025,results/long_term_forecast_mamba_long_term_forecast_exchange_dm96_df16_expand2_dc2_dtr32_0025_mamba_long_term_forecast_exchange_dm96_df16_expand2_dc2_dtr32_0025/metrics.npy,success,,0.2621280550956726,0.1331285536289215,0.3648678660392761,1.7149772644042969,1471.2613525390625
mamba_long_term_forecast_exchange_dm96_df8_expand2_dc2_dtr16_0026,mamba_long_term_forecast_exchange_dm96_df8_expand2_dc2_dtr16_0026,Mamba,long_term_forecast,custom,1,mamba_long_term_forecast_exchange_dm96_df8_expand2_dc2_dtr16_0026,results/long_term_forecast_mamba_long_term_forecast_exchange_dm96_df8_expand2_dc2_dtr16_0026_mamba_long_term_forecast_exchange_dm96_df8_expand2_dc2_dtr16_0026,results/long_term_forecast_mamba_long_term_forecast_exchange_dm96_df8_expand2_dc2_dtr16_0026_mamba_long_term_forecast_exchange_dm96_df8_expand2_dc2_dtr16_0026/metrics.npy,success,,0.2714013457298279,0.14330318570137024,0.3785540759563446,1.7007887363433838,1598.9111328125
mamba_long_term_forecast_exchange_dm96_df12_expand2_dc4_dtr32_0027,mamba_long_term_forecast_exchange_dm96_df12_expand2_dc4_dtr32_0027,Mamba,long_term_forecast,custom,1,mamba_long_term_forecast_exchange_dm96_df12_expand2_dc4_dtr32_0027,results/long_term_forecast_mamba_long_term_forecast_exchange_dm96_df12_expand2_dc4_dtr32_0027_mamba_long_term_forecast_exchange_dm96_df12_expand2_dc4_dtr32_0027,results/long_term_forecast_mamba_long_term_forecast_exchange_dm96_df12_expand2_dc4_dtr32_0027_mamba_long_term_forecast_exchange_dm96_df12_expand2_dc4_dtr32_0027/metrics.npy,success,,0.2626405358314514,0.13511697947978973,0.36758261919021606,1.5680910348892212,1166.9141845703125
mamba_long_term_forecast_exchange_dm96_df16_expand1_dc2_dtr16_0028,mamba_long_term_forecast_exchange_dm96_df16_expand1_dc2_dtr16_0028,Mamba,long_term_forecast,custom,1,mamba_long_term_forecast_exchange_dm96_df16_expand1_dc2_dtr16_0028,results/long_term_forecast_mamba_long_term_forecast_exchange_dm96_df16_expand1_dc2_dtr16_0028_mamba_long_term_forecast_exchange_dm96_df16_expand1_dc2_dtr16_0028,results/long_term_forecast_mamba_long_term_forecast_exchange_dm96_df16_expand1_dc2_dtr16_0028_mamba_long_term_forecast_exchange_dm96_df16_expand1_dc2_dtr16_0028/metrics.npy,success,,0.27201327681541443,0.14310765266418457,0.3782957196235657,1.6758837699890137,1622.6951904296875
mamba_long_term_forecast_exchange_dm96_df16_expand1_dc4_dtr8_0029,mamba_long_term_forecast_exchange_dm96_df16_expand1_dc4_dtr8_0029,Mamba,long_term_forecast,custom,1,mamba_long_term_forecast_exchange_dm96_df16_expand1_dc4_dtr8_0029,results/long_term_forecast_mamba_long_term_forecast_exchange_dm96_df16_expand1_dc4_dtr8_0029_mamba_long_term_forecast_exchange_dm96_df16_expand1_dc4_dtr8_0029,results/long_term_forecast_mamba_long_term_forecast_exchange_dm96_df16_expand1_dc4_dtr8_0029_mamba_long_term_forecast_exchange_dm96_df16_expand1_dc4_dtr8_0029/metrics.npy,success,,0.26889437437057495,0.14033953845500946,0.37461918592453003,1.649694561958313,1518.9876708984375
mamba_long_term_forecast_exchange_dm128_df16_expand2_dc3_dtr32_0030,mamba_long_term_forecast_exchange_dm128_df16_expand2_dc3_dtr32_0030,Mamba,long_term_forecast,custom,1,mamba_long_term_forecast_exchange_dm128_df16_expand2_dc3_dtr32_0030,results/long_term_forecast_mamba_long_term_forecast_exchange_dm128_df16_expand2_dc3_dtr32_0030_mamba_long_term_forecast_exchange_dm128_df16_expand2_dc3_dtr32_0030,results/long_term_forecast_mamba_long_term_forecast_exchange_dm128_df16_expand2_dc3_dtr32_0030_mamba_long_term_forecast_exchange_dm128_df16_expand2_dc3_dtr32_0030/metrics.npy,success,,0.2654314935207367,0.1371307373046875,0.3703116774559021,1.6870495080947876,1551.863525390625
mamba_long_term_forecast_exchange_dm64_df12_expand1_dc2_dtr16_0031,mamba_long_term_forecast_exchange_dm64_df12_expand1_dc2_dtr16_0031,Mamba,long_term_forecast,custom,1,mamba_long_term_forecast_exchange_dm64_df12_expand1_dc2_dtr16_0031,results/long_term_forecast_mamba_long_term_forecast_exchange_dm64_df12_expand1_dc2_dtr16_0031_mamba_long_term_forecast_exchange_dm64_df12_expand1_dc2_dtr16_0031,results/long_term_forecast_mamba_long_term_forecast_exchange_dm64_df12_expand1_dc2_dtr16_0031_mamba_long_term_forecast_exchange_dm64_df12_expand1_dc2_dtr16_0031/metrics.npy,success,,0.26495784521102905,0.13727430999279022,0.3705054819583893,1.636543869972229,1475.894287109375
mamba_long_term_forecast_exchange_dm96_df12_expand2_dc4_dtr8_0032,mamba_long_term_forecast_exchange_dm96_df12_expand2_dc4_dtr8_0032,Mamba,long_term_forecast,custom,1,mamba_long_term_forecast_exchange_dm96_df12_expand2_dc4_dtr8_0032,results/long_term_forecast_mamba_long_term_forecast_exchange_dm96_df12_expand2_dc4_dtr8_0032_mamba_long_term_forecast_exchange_dm96_df12_expand2_dc4_dtr8_0032,results/long_term_forecast_mamba_long_term_forecast_exchange_dm96_df12_expand2_dc4_dtr8_0032_mamba_long_term_forecast_exchange_dm96_df12_expand2_dc4_dtr8_0032/metrics.npy,success,,0.2601454555988312,0.13306434452533722,0.36477985978126526,1.6491566896438599,1393.0789794921875
mamba_long_term_forecast_exchange_dm64_df12_expand1_dc3_dtr16_0033,mamba_long_term_forecast_exchange_dm64_df12_expand1_dc3_dtr16_0033,Mamba,long_term_forecast,custom,1,mamba_long_term_forecast_exchange_dm64_df12_expand1_dc3_dtr16_0033,results/long_term_forecast_mamba_long_term_forecast_exchange_dm64_df12_expand1_dc3_dtr16_0033_mamba_long_term_forecast_exchange_dm64_df12_expand1_dc3_dtr16_0033,results/long_term_forecast_mamba_long_term_forecast_exchange_dm64_df12_expand1_dc3_dtr16_0033_mamba_long_term_forecast_exchange_dm64_df12_expand1_dc3_dtr16_0033/metrics.npy,success,,0.2655688226222992,0.13728198409080505,0.3705158233642578,1.6186983585357666,1423.6026611328125
mamba_long_term_forecast_exchange_dm96_df12_expand1_dc2_dtr32_0034,mamba_long_term_forecast_exchange_dm96_df12_expand1_dc2_dtr32_0034,Mamba,long_term_forecast,custom,1,mamba_long_term_forecast_exchange_dm96_df12_expand1_dc2_dtr32_0034,results/long_term_forecast_mamba_long_term_forecast_exchange_dm96_df12_expand1_dc2_dtr32_0034_mamba_long_term_forecast_exchange_dm96_df12_expand1_dc2_dtr32_0034,results/long_term_forecast_mamba_long_term_forecast_exchange_dm96_df12_expand1_dc2_dtr32_0034_mamba_long_term_forecast_exchange_dm96_df12_expand1_dc2_dtr32_0034/metrics.npy,success,,0.27073201537132263,0.14191873371601105,0.37672102451324463,1.6976698637008667,1621.3865966796875
mamba_long_term_forecast_exchange_dm128_df16_expand1_dc2_dtr8_0035,mamba_long_term_forecast_exchange_dm128_df16_expand1_dc2_dtr8_0035,Mamba,long_term_forecast,custom,1,mamba_long_term_forecast_exchange_dm128_df16_expand1_dc2_dtr8_0035,results/long_term_forecast_mamba_long_term_forecast_exchange_dm128_df16_expand1_dc2_dtr8_0035_mamba_long_term_forecast_exchange_dm128_df16_expand1_dc2_dtr8_0035,results/long_term_forecast_mamba_long_term_forecast_exchange_dm128_df16_expand1_dc2_dtr8_0035_mamba_long_term_forecast_exchange_dm128_df16_expand1_dc2_dtr8_0035/metrics.npy,success,,0.25882527232170105,0.1282282918691635,0.35808977484703064,1.6619664430618286,1391.79736328125
mamba_long_term_forecast_exchange_dm96_df8_expand1_dc3_dtr16_0036,mamba_long_term_forecast_exchange_dm96_df8_expand1_dc3_dtr16_0036,Mamba,long_term_forecast,custom,1,mamba_long_term_forecast_exchange_dm96_df8_expand1_dc3_dtr16_0036,results/long_term_forecast_mamba_long_term_forecast_exchange_dm96_df8_expand1_dc3_dtr16_0036_mamba_long_term_forecast_exchange_dm96_df8_expand1_dc3_dtr16_0036,results/long_term_forecast_mamba_long_term_forecast_exchange_dm96_df8_expand1_dc3_dtr16_0036_mamba_long_term_forecast_exchange_dm96_df8_expand1_dc3_dtr16_0036/metrics.npy,success,,0.2727035880088806,0.14475031197071075,0.380460649728775,1.6696388721466064,1634.044189453125
mamba_long_term_forecast_exchange_dm64_df12_expand1_dc2_dtr8_0037,mamba_long_term_forecast_exchange_dm64_df12_expand1_dc2_dtr8_0037,Mamba,long_term_forecast,custom,1,mamba_long_term_forecast_exchange_dm64_df12_expand1_dc2_dtr8_0037,results/long_term_forecast_mamba_long_term_forecast_exchange_dm64_df12_expand1_dc2_dtr8_0037_mamba_long_term_forecast_exchange_dm64_df12_expand1_dc2_dtr8_0037,results/long_term_forecast_mamba_long_term_forecast_exchange_dm64_df12_expand1_dc2_dtr8_0037_mamba_long_term_forecast_exchange_dm64_df12_expand1_dc2_dtr8_0037/metrics.npy,success,,0.2633306682109833,0.13511855900287628,0.367584764957428,1.6373134851455688,1520.705322265625
mamba_long_term_forecast_exchange_dm128_df16_expand1_dc3_dtr32_0038,mamba_long_term_forecast_exchange_dm128_df16_expand1_dc3_dtr32_0038,Mamba,long_term_forecast,custom,1,mamba_long_term_forecast_exchange_dm128_df16_expand1_dc3_dtr32_0038,results/long_term_forecast_mamba_long_term_forecast_exchange_dm128_df16_expand1_dc3_dtr32_0038_mamba_long_term_forecast_exchange_dm128_df16_expand1_dc3_dtr32_0038,results/long_term_forecast_mamba_long_term_forecast_exchange_dm128_df16_expand1_dc3_dtr32_0038_mamba_long_term_forecast_exchange_dm128_df16_expand1_dc3_dtr32_0038/metrics.npy,success,,0.27116379141807556,0.14376787841320038,0.3791673481464386,1.6799606084823608,1585.14013671875
mamba_long_term_forecast_exchange_dm96_df12_expand2_dc2_dtr16_0039,mamba_long_term_forecast_exchange_dm96_df12_expand2_dc2_dtr16_0039,Mamba,long_term_forecast,custom,1,mamba_long_term_forecast_exchange_dm96_df12_expand2_dc2_dtr16_0039,results/long_term_forecast_mamba_long_term_forecast_exchange_dm96_df12_expand2_dc2_dtr16_0039_mamba_long_term_forecast_exchange_dm96_df12_expand2_dc2_dtr16_0039,results/long_term_forecast_mamba_long_term_forecast_exchange_dm96_df12_expand2_dc2_dtr16_0039_mamba_long_term_forecast_exchange_dm96_df12_expand2_dc2_dtr16_0039/metrics.npy,success,,0.2744455933570862,0.14546507596969604,0.3813988268375397,1.706653118133545,1588.448486328125
mamba_long_term_forecast_exchange_dm96_df16_expand1_dc2_dtr8_0040,mamba_long_term_forecast_exchange_dm96_df16_expand1_dc2_dtr8_0040,Mamba,long_term_forecast,custom,1,mamba_long_term_forecast_exchange_dm96_df16_expand1_dc2_dtr8_0040,results/long_term_forecast_mamba_long_term_forecast_exchange_dm96_df16_expand1_dc2_dtr8_0040_mamba_long_term_forecast_exchange_dm96_df16_expand1_dc2_dtr8_0040,results/long_term_forecast_mamba_long_term_forecast_exchange_dm96_df16_expand1_dc2_dtr8_0040_mamba_long_term_forecast_exchange_dm96_df16_expand1_dc2_dtr8_0040/metrics.npy,success,,0.2733054757118225,0.14432218670845032,0.3798975944519043,1.6683850288391113,1567.2470703125
mamba_long_term_forecast_exchange_dm128_df12_expand1_dc4_dtr32_0041,mamba_long_term_forecast_exchange_dm128_df12_expand1_dc4_dtr32_0041,Mamba,long_term_forecast,custom,1,mamba_long_term_forecast_exchange_dm128_df12_expand1_dc4_dtr32_0041,results/long_term_forecast_mamba_long_term_forecast_exchange_dm128_df12_expand1_dc4_dtr32_0041_mamba_long_term_forecast_exchange_dm128_df12_expand1_dc4_dtr32_0041,results/long_term_forecast_mamba_long_term_forecast_exchange_dm128_df12_expand1_dc4_dtr32_0041_mamba_long_term_forecast_exchange_dm128_df12_expand1_dc4_dtr32_0041/metrics.npy,success,,0.26189061999320984,0.1330603063106537,0.36477431654930115,1.6543653011322021,1399.0455322265625
mamba_long_term_forecast_exchange_dm128_df12_expand1_dc2_dtr16_0042,mamba_long_term_forecast_exchange_dm128_df12_expand1_dc2_dtr16_0042,Mamba,long_term_forecast,custom,1,mamba_long_term_forecast_exchange_dm128_df12_expand1_dc2_dtr16_0042,results/long_term_forecast_mamba_long_term_forecast_exchange_dm128_df12_expand1_dc2_dtr16_0042_mamba_long_term_forecast_exchange_dm128_df12_expand1_dc2_dtr16_0042,results/long_term_forecast_mamba_long_term_forecast_exchange_dm128_df12_expand1_dc2_dtr16_0042_mamba_long_term_forecast_exchange_dm128_df12_expand1_dc2_dtr16_0042/metrics.npy,success,,0.26841259002685547,0.1397762894630432,0.3738666772842407,1.7359380722045898,1669.1026611328125
mamba_long_term_forecast_exchange_dm64_df16_expand1_dc3_dtr8_0043,mamba_long_term_forecast_exchange_dm64_df16_expand1_dc3_dtr8_0043,Mamba,long_term_forecast,custom,1,mamba_long_term_forecast_exchange_dm64_df16_expand1_dc3_dtr8_0043,results/long_term_forecast_mamba_long_term_forecast_exchange_dm64_df16_expand1_dc3_dtr8_0043_mamba_long_term_forecast_exchange_dm64_df16_expand1_dc3_dtr8_0043,results/long_term_forecast_mamba_long_term_forecast_exchange_dm64_df16_expand1_dc3_dtr8_0043_mamba_long_term_forecast_exchange_dm64_df16_expand1_dc3_dtr8_0043/metrics.npy,success,,0.2699032425880432,0.1402330994606018,0.3744770884513855,1.6389559507369995,1590.6754150390625
mamba_long_term_forecast_exchange_dm64_df8_expand1_dc3_dtr8_0044,mamba_long_term_forecast_exchange_dm64_df8_expand1_dc3_dtr8_0044,Mamba,long_term_forecast,custom,1,mamba_long_term_forecast_exchange_dm64_df8_expand1_dc3_dtr8_0044,results/long_term_forecast_mamba_long_term_forecast_exchange_dm64_df8_expand1_dc3_dtr8_0044_mamba_long_term_forecast_exchange_dm64_df8_expand1_dc3_dtr8_0044,results/long_term_forecast_mamba_long_term_forecast_exchange_dm64_df8_expand1_dc3_dtr8_0044_mamba_long_term_forecast_exchange_dm64_df8_expand1_dc3_dtr8_0044/metrics.npy,success,,0.2653283178806305,0.13518360257148743,0.36767321825027466,1.6620545387268066,1535.043212890625
mamba_long_term_forecast_exchange_dm128_df8_expand1_dc2_dtr8_0045,mamba_long_term_forecast_exchange_dm128_df8_expand1_dc2_dtr8_0045,Mamba,long_term_forecast,custom,1,mamba_long_term_forecast_exchange_dm128_df8_expand1_dc2_dtr8_0045,results/long_term_forecast_mamba_long_term_forecast_exchange_dm128_df8_expand1_dc2_dtr8_0045_mamba_long_term_forecast_exchange_dm128_df8_expand1_dc2_dtr8_0045,results/long_term_forecast_mamba_long_term_forecast_exchange_dm128_df8_expand1_dc2_dtr8_0045_mamba_long_term_forecast_exchange_dm128_df8_expand1_dc2_dtr8_0045/metrics.npy,success,,0.2615766227245331,0.13060559332370758,0.3613939583301544,1.6260066032409668,1284.73193359375
mamba_long_term_forecast_exchange_dm128_df8_expand2_dc3_dtr32_0046,mamba_long_term_forecast_exchange_dm128_df8_expand2_dc3_dtr32_0046,Mamba,long_term_forecast,custom,1,mamba_long_term_forecast_exchange_dm128_df8_expand2_dc3_dtr32_0046,results/long_term_forecast_mamba_long_term_forecast_exchange_dm128_df8_expand2_dc3_dtr32_0046_mamba_long_term_forecast_exchange_dm128_df8_expand2_dc3_dtr32_0046,results/long_term_forecast_mamba_long_term_forecast_exchange_dm128_df8_expand2_dc3_dtr32_0046_mamba_long_term_forecast_exchange_dm128_df8_expand2_dc3_dtr32_0046/metrics.npy,success,,0.2625347375869751,0.13335081934928894,0.3651723265647888,1.6707814931869507,1455.3463134765625
mamba_long_term_forecast_exchange_dm64_df16_expand2_dc2_dtr32_0047,mamba_long_term_forecast_exchange_dm64_df16_expand2_dc2_dtr32_0047,Mamba,long_term_forecast,custom,1,mamba_long_term_forecast_exchange_dm64_df16_expand2_dc2_dtr32_0047,results/long_term_forecast_mamba_long_term_forecast_exchange_dm64_df16_expand2_dc2_dtr32_0047_mamba_long_term_forecast_exchange_dm64_df16_expand2_dc2_dtr32_0047,results/long_term_forecast_mamba_long_term_forecast_exchange_dm64_df16_expand2_dc2_dtr32_0047_mamba_long_term_forecast_exchange_dm64_df16_expand2_dc2_dtr32_0047/metrics.npy,success,,0.26296550035476685,0.13513867557048798,0.3676121234893799,1.6001428365707397,1314.61181640625
mamba_long_term_forecast_exchange_dm64_df16_expand2_dc2_dtr16_0048,mamba_long_term_forecast_exchange_dm64_df16_expand2_dc2_dtr16_0048,Mamba,long_term_forecast,custom,1,mamba_long_term_forecast_exchange_dm64_df16_expand2_dc2_dtr16_0048,results/long_term_forecast_mamba_long_term_forecast_exchange_dm64_df16_expand2_dc2_dtr16_0048_mamba_long_term_forecast_exchange_dm64_df16_expand2_dc2_dtr16_0048,results/long_term_forecast_mamba_long_term_forecast_exchange_dm64_df16_expand2_dc2_dtr16_0048_mamba_long_term_forecast_exchange_dm64_df16_expand2_dc2_dtr16_0048/metrics.npy,success,,0.2715175151824951,0.14248444139957428,0.37747111916542053,1.66459321975708,1590.87890625
mamba_long_term_forecast_exchange_dm96_df8_expand1_dc3_dtr32_0049,mamba_long_term_forecast_exchange_dm96_df8_expand1_dc3_dtr32_0049,Mamba,long_term_forecast,custom,1,mamba_long_term_forecast_exchange_dm96_df8_expand1_dc3_dtr32_0049,results/long_term_forecast_mamba_long_term_forecast_exchange_dm96_df8_expand1_dc3_dtr32_0049_mamba_long_term_forecast_exchange_dm96_df8_expand1_dc3_dtr32_0049,results/long_term_forecast_mamba_long_term_forecast_exchange_dm96_df8_expand1_dc3_dtr32_0049_mamba_long_term_forecast_exchange_dm96_df8_expand1_dc3_dtr32_0049/metrics.npy,success,,0.2716309428215027,0.14348740875720978,0.378797322511673,1.6648215055465698,1572.614013671875
mamba_long_term_forecast_exchange_dm96_df8_expand1_dc2_dtr8_0050,mamba_long_term_forecast_exchange_dm96_df8_expand1_dc2_dtr8_0050,Mamba,long_term_forecast,custom,1,mamba_long_term_forecast_exchange_dm96_df8_expand1_dc2_dtr8_0050,results/long_term_forecast_mamba_long_term_forecast_exchange_dm96_df8_expand1_dc2_dtr8_0050_mamba_long_term_forecast_exchange_dm96_df8_expand1_dc2_dtr8_0050,results/long_term_forecast_mamba_long_term_forecast_exchange_dm96_df8_expand1_dc2_dtr8_0050_mamba_long_term_forecast_exchange_dm96_df8_expand1_dc2_dtr8_0050/metrics.npy,success,,0.27021217346191406,0.14262861013412476,0.3776620328426361,1.6745258569717407,1580.90234375
mamba_long_term_forecast_exchange_dm64_df8_expand2_dc2_dtr32_0051,mamba_long_term_forecast_exchange_dm64_df8_expand2_dc2_dtr32_0051,Mamba,long_term_forecast,custom,1,mamba_long_term_forecast_exchange_dm64_df8_expand2_dc2_dtr32_0051,results/long_term_forecast_mamba_long_term_forecast_exchange_dm64_df8_expand2_dc2_dtr32_0051_mamba_long_term_forecast_exchange_dm64_df8_expand2_dc2_dtr32_0051,results/long_term_forecast_mamba_long_term_forecast_exchange_dm64_df8_expand2_dc2_dtr32_0051_mamba_long_term_forecast_exchange_dm64_df8_expand2_dc2_dtr32_0051/metrics.npy,success,,0.27093207836151123,0.14251255989074707,0.37750837206840515,1.6708067655563354,1636.4549560546875
mamba_long_term_forecast_exchange_dm64_df16_expand2_dc4_dtr8_0052,mamba_long_term_forecast_exchange_dm64_df16_expand2_dc4_dtr8_0052,Mamba,long_term_forecast,custom,1,mamba_long_term_forecast_exchange_dm64_df16_expand2_dc4_dtr8_0052,results/long_term_forecast_mamba_long_term_forecast_exchange_dm64_df16_expand2_dc4_dtr8_0052_mamba_long_term_forecast_exchange_dm64_df16_expand2_dc4_dtr8_0052,results/long_term_forecast_mamba_long_term_forecast_exchange_dm64_df16_expand2_dc4_dtr8_0052_mamba_long_term_forecast_exchange_dm64_df16_expand2_dc4_dtr8_0052/metrics.npy,success,,0.2692982256412506,0.14111007750034332,0.3756462037563324,1.6727722883224487,1608.8363037109375
mamba_long_term_forecast_exchange_dm128_df16_expand2_dc4_dtr8_0053,mamba_long_term_forecast_exchange_dm128_df16_expand2_dc4_dtr8_0053,Mamba,long_term_forecast,custom,1,mamba_long_term_forecast_exchange_dm128_df16_expand2_dc4_dtr8_0053,results/long_term_forecast_mamba_long_term_forecast_exchange_dm128_df16_expand2_dc4_dtr8_0053_mamba_long_term_forecast_exchange_dm128_df16_expand2_dc4_dtr8_0053,results/long_term_forecast_mamba_long_term_forecast_exchange_dm128_df16_expand2_dc4_dtr8_0053_mamba_long_term_forecast_exchange_dm128_df16_expand2_dc4_dtr8_0053/metrics.npy,success,,0.25801029801368713,0.12745171785354614,0.3570038080215454,1.5610148906707764,1168.03466796875
mamba_long_term_forecast_exchange_dm96_df8_expand2_dc4_dtr16_0054,mamba_long_term_forecast_exchange_dm96_df8_expand2_dc4_dtr16_0054,Mamba,long_term_forecast,custom,1,mamba_long_term_forecast_exchange_dm96_df8_expand2_dc4_dtr16_0054,results/long_term_forecast_mamba_long_term_forecast_exchange_dm96_df8_expand2_dc4_dtr16_0054_mamba_long_term_forecast_exchange_dm96_df8_expand2_dc4_dtr16_0054,results/long_term_forecast_mamba_long_term_forecast_exchange_dm96_df8_expand2_dc4_dtr16_0054_mamba_long_term_forecast_exchange_dm96_df8_expand2_dc4_dtr16_0054/metrics.npy,success,,0.2743856906890869,0.1476186215877533,0.3842116892337799,1.671334147453308,1620.7965087890625
mamba_long_term_forecast_exchange_dm96_df8_expand2_dc2_dtr8_0055,mamba_long_term_forecast_exchange_dm96_df8_expand2_dc2_dtr8_0055,Mamba,long_term_forecast,custom,1,mamba_long_term_forecast_exchange_dm96_df8_expand2_dc2_dtr8_0055,results/long_term_forecast_mamba_long_term_forecast_exchange_dm96_df8_expand2_dc2_dtr8_0055_mamba_long_term_forecast_exchange_dm96_df8_expand2_dc2_dtr8_0055,results/long_term_forecast_mamba_long_term_forecast_exchange_dm96_df8_expand2_dc2_dtr8_0055_mamba_long_term_forecast_exchange_dm96_df8_expand2_dc2_dtr8_0055/metrics.npy,success,,0.27195098996162415,0.14474792778491974,0.3804575204849243,1.7177079916000366,1680.3380126953125
mamba_long_term_forecast_exchange_dm64_df8_expand2_dc3_dtr32_0056,mamba_long_term_forecast_exchange_dm64_df8_expand2_dc3_dtr32_0056,Mamba,long_term_forecast,custom,1,mamba_long_term_forecast_exchange_dm64_df8_expand2_dc3_dtr32_0056,results/long_term_forecast_mamba_long_term_forecast_exchange_dm64_df8_expand2_dc3_dtr32_0056_mamba_long_term_forecast_exchange_dm64_df8_expand2_dc3_dtr32_0056,results/long_term_forecast_mamba_long_term_forecast_exchange_dm64_df8_expand2_dc3_dtr32_0056_mamba_long_term_forecast_exchange_dm64_df8_expand2_dc3_dtr32_0056/metrics.npy,success,,0.27016401290893555,0.14098472893238068,0.3754793405532837,1.6669845581054688,1634.8787841796875
mamba_long_term_forecast_exchange_dm128_df8_expand2_dc4_dtr16_0057,mamba_long_term_forecast_exchange_dm128_df8_expand2_dc4_dtr16_0057,Mamba,long_term_forecast,custom,1,mamba_long_term_forecast_exchange_dm128_df8_expand2_dc4_dtr16_0057,results/long_term_forecast_mamba_long_term_forecast_exchange_dm128_df8_expand2_dc4_dtr16_0057_mamba_long_term_forecast_exchange_dm128_df8_expand2_dc4_dtr16_0057,results/long_term_forecast_mamba_long_term_forecast_exchange_dm128_df8_expand2_dc4_dtr16_0057_mamba_long_term_forecast_exchange_dm128_df8_expand2_dc4_dtr16_0057/metrics.npy,success,,0.2638035714626312,0.13288411498069763,0.3645327389240265,1.6665868759155273,1385.3751220703125
mamba_long_term_forecast_exchange_dm128_df12_expand2_dc2_dtr16_0058,mamba_long_term_forecast_exchange_dm128_df12_expand2_dc2_dtr16_0058,Mamba,long_term_forecast,custom,1,mamba_long_term_forecast_exchange_dm128_df12_expand2_dc2_dtr16_0058,results/long_term_forecast_mamba_long_term_forecast_exchange_dm128_df12_expand2_dc2_dtr16_0058_mamba_long_term_forecast_exchange_dm128_df12_expand2_dc2_dtr16_0058,results/long_term_forecast_mamba_long_term_forecast_exchange_dm128_df12_expand2_dc2_dtr16_0058_mamba_long_term_forecast_exchange_dm128_df12_expand2_dc2_dtr16_0058/metrics.npy,success,,0.2657295763492584,0.1362687051296234,0.3691459000110626,1.5977150201797485,1241.3831787109375
mamba_long_term_forecast_exchange_dm96_df16_expand2_dc3_dtr8_0059,mamba_long_term_forecast_exchange_dm96_df16_expand2_dc3_dtr8_0059,Mamba,long_term_forecast,custom,1,mamba_long_term_forecast_exchange_dm96_df16_expand2_dc3_dtr8_0059,results/long_term_forecast_mamba_long_term_forecast_exchange_dm96_df16_expand2_dc3_dtr8_0059_mamba_long_term_forecast_exchange_dm96_df16_expand2_dc3_dtr8_0059,results/long_term_forecast_mamba_long_term_forecast_exchange_dm96_df16_expand2_dc3_dtr8_0059_mamba_long_term_forecast_exchange_dm96_df16_expand2_dc3_dtr8_0059/metrics.npy,success,,0.27064764499664307,0.14215362071990967,0.37703263759613037,1.677201509475708,1578.0531005859375
mamba_long_term_forecast_exchange_dm128_df12_expand1_dc4_dtr16_0060,mamba_long_term_forecast_exchange_dm128_df12_expand1_dc4_dtr16_0060,Mamba,long_term_forecast,custom,1,mamba_long_term_forecast_exchange_dm128_df12_expand1_dc4_dtr16_0060,results/long_term_forecast_mamba_long_term_forecast_exchange_dm128_df12_expand1_dc4_dtr16_0060_mamba_long_term_forecast_exchange_dm128_df12_expand1_dc4_dtr16_0060,results/long_term_forecast_mamba_long_term_forecast_exchange_dm128_df12_expand1_dc4_dtr16_0060_mamba_long_term_forecast_exchange_dm128_df12_expand1_dc4_dtr16_0060/metrics.npy,success,,0.2686409652233124,0.14054274559020996,0.3748902976512909,1.6539844274520874,1567.6282958984375
mamba_long_term_forecast_exchange_dm96_df12_expand1_dc3_dtr16_0061,mamba_long_term_forecast_exchange_dm96_df12_expand1_dc3_dtr16_0061,Mamba,long_term_forecast,custom,1,mamba_long_term_forecast_exchange_dm96_df12_expand1_dc3_dtr16_0061,results/long_term_forecast_mamba_long_term_forecast_exchange_dm96_df12_expand1_dc3_dtr16_0061_mamba_long_term_forecast_exchange_dm96_df12_expand1_dc3_dtr16_0061,results/long_term_forecast_mamba_long_term_forecast_exchange_dm96_df12_expand1_dc3_dtr16_0061_mamba_long_term_forecast_exchange_dm96_df12_expand1_dc3_dtr16_0061/metrics.npy,success,,0.2724091708660126,0.14336641132831573,0.3786375820636749,1.6803592443466187,1612.3109130859375
mamba_long_term_forecast_exchange_dm96_df8_expand1_dc4_dtr32_0062,mamba_long_term_forecast_exchange_dm96_df8_expand1_dc4_dtr32_0062,Mamba,long_term_forecast,custom,1,mamba_long_term_forecast_exchange_dm96_df8_expand1_dc4_dtr32_0062,results/long_term_forecast_mamba_long_term_forecast_exchange_dm96_df8_expand1_dc4_dtr32_0062_mamba_long_term_forecast_exchange_dm96_df8_expand1_dc4_dtr32_0062,results/long_term_forecast_mamba_long_term_forecast_exchange_dm96_df8_expand1_dc4_dtr32_0062_mamba_long_term_forecast_exchange_dm96_df8_expand1_dc4_dtr32_0062/metrics.npy,success,,0.2718898057937622,0.1444212943315506,0.38002800941467285,1.717835545539856,1629.0074462890625
mamba_long_term_forecast_exchange_dm64_df16_expand2_dc3_dtr32_0063,mamba_long_term_forecast_exchange_dm64_df16_expand2_dc3_dtr32_0063,Mamba,long_term_forecast,custom,1,mamba_long_term_forecast_exchange_dm64_df16_expand2_dc3_dtr32_0063,results/long_term_forecast_mamba_long_term_forecast_exchange_dm64_df16_expand2_dc3_dtr32_0063_mamba_long_term_forecast_exchange_dm64_df16_expand2_dc3_dtr32_0063,results/long_term_forecast_mamba_long_term_forecast_exchange_dm64_df16_expand2_dc3_dtr32_0063_mamba_long_term_forecast_exchange_dm64_df16_expand2_dc3_dtr32_0063/metrics.npy,success,,0.2693053185939789,0.13933958113193512,0.37328216433525085,1.652278184890747,1524.9024658203125
mamba_long_term_forecast_exchange_dm96_df8_expand2_dc3_dtr16_0064,mamba_long_term_forecast_exchange_dm96_df8_expand2_dc3_dtr16_0064,Mamba,long_term_forecast,custom,1,mamba_long_term_forecast_exchange_dm96_df8_expand2_dc3_dtr16_0064,results/long_term_forecast_mamba_long_term_forecast_exchange_dm96_df8_expand2_dc3_dtr16_0064_mamba_long_term_forecast_exchange_dm96_df8_expand2_dc3_dtr16_0064,results/long_term_forecast_mamba_long_term_forecast_exchange_dm96_df8_expand2_dc3_dtr16_0064_mamba_long_term_forecast_exchange_dm96_df8_expand2_dc3_dtr16_0064/metrics.npy,success,,0.2696000039577484,0.14240992069244385,0.3773723840713501,1.7187755107879639,1678.7259521484375
mamba_long_term_forecast_exchange_dm64_df12_expand2_dc4_dtr8_0065,mamba_long_term_forecast_exchange_dm64_df12_expand2_dc4_dtr8_0065,Mamba,long_term_forecast,custom,1,mamba_long_term_forecast_exchange_dm64_df12_expand2_dc4_dtr8_0065,results/long_term_forecast_mamba_long_term_forecast_exchange_dm64_df12_expand2_dc4_dtr8_0065_mamba_long_term_forecast_exchange_dm64_df12_expand2_dc4_dtr8_0065,results/long_term_forecast_mamba_long_term_forecast_exchange_dm64_df12_expand2_dc4_dtr8_0065_mamba_long_term_forecast_exchange_dm64_df12_expand2_dc4_dtr8_0065/metrics.npy,success,,0.26261165738105774,0.13373322784900665,0.3656955361366272,1.5913605690002441,1271.3675537109375
mamba_long_term_forecast_exchange_dm128_df12_expand2_dc3_dtr8_0066,mamba_long_term_forecast_exchange_dm128_df12_expand2_dc3_dtr8_0066,Mamba,long_term_forecast,custom,1,mamba_long_term_forecast_exchange_dm128_df12_expand2_dc3_dtr8_0066,results/long_term_forecast_mamba_long_term_forecast_exchange_dm128_df12_expand2_dc3_dtr8_0066_mamba_long_term_forecast_exchange_dm128_df12_expand2_dc3_dtr8_0066,results/long_term_forecast_mamba_long_term_forecast_exchange_dm128_df12_expand2_dc3_dtr8_0066_mamba_long_term_forecast_exchange_dm128_df12_expand2_dc3_dtr8_0066/metrics.npy,success,,0.2652891278266907,0.13675449788570404,0.3698033094406128,1.560920238494873,1179.884765625
mamba_long_term_forecast_exchange_dm96_df12_expand1_dc2_dtr8_0067,mamba_long_term_forecast_exchange_dm96_df12_expand1_dc2_dtr8_0067,Mamba,long_term_forecast,custom,1,mamba_long_term_forecast_exchange_dm96_df12_expand1_dc2_dtr8_0067,results/long_term_forecast_mamba_long_term_forecast_exchange_dm96_df12_expand1_dc2_dtr8_0067_mamba_long_term_forecast_exchange_dm96_df12_expand1_dc2_dtr8_0067,results/long_term_forecast_mamba_long_term_forecast_exchange_dm96_df12_expand1_dc2_dtr8_0067_mamba_long_term_forecast_exchange_dm96_df12_expand1_dc2_dtr8_0067/metrics.npy,success,,0.27201420068740845,0.14341184496879578,0.37869757413864136,1.6951690912246704,1639.328857421875
mamba_long_term_forecast_exchange_dm128_df16_expand1_dc3_dtr16_0068,mamba_long_term_forecast_exchange_dm128_df16_expand1_dc3_dtr16_0068,Mamba,long_term_forecast,custom,1,mamba_long_term_forecast_exchange_dm128_df16_expand1_dc3_dtr16_0068,results/long_term_forecast_mamba_long_term_forecast_exchange_dm128_df16_expand1_dc3_dtr16_0068_mamba_long_term_forecast_exchange_dm128_df16_expand1_dc3_dtr16_0068,results/long_term_forecast_mamba_long_term_forecast_exchange_dm128_df16_expand1_dc3_dtr16_0068_mamba_long_term_forecast_exchange_dm128_df16_expand1_dc3_dtr16_0068/metrics.npy,success,,0.2607267200946808,0.13050085306167603,0.36124902963638306,1.615285038948059,1367.24462890625
mamba_long_term_forecast_exchange_dm96_df8_expand2_dc2_dtr32_0069,mamba_long_term_forecast_exchange_dm96_df8_expand2_dc2_dtr32_0069,Mamba,long_term_forecast,custom,1,mamba_long_term_forecast_exchange_dm96_df8_expand2_dc2_dtr32_0069,results/long_term_forecast_mamba_long_term_forecast_exchange_dm96_df8_expand2_dc2_dtr32_0069_mamba_long_term_forecast_exchange_dm96_df8_expand2_dc2_dtr32_0069,results/long_term_forecast_mamba_long_term_forecast_exchange_dm96_df8_expand2_dc2_dtr32_0069_mamba_long_term_forecast_exchange_dm96_df8_expand2_dc2_dtr32_0069/metrics.npy,success,,0.26856833696365356,0.14135007560253143,0.37596553564071655,1.6906071901321411,1551.4102783203125
mamba_long_term_forecast_exchange_dm96_df8_expand2_dc3_dtr8_0070,mamba_long_term_forecast_exchange_dm96_df8_expand2_dc3_dtr8_0070,Mamba,long_term_forecast,custom,1,mamba_long_term_forecast_exchange_dm96_df8_expand2_dc3_dtr8_0070,results/long_term_forecast_mamba_long_term_forecast_exchange_dm96_df8_expand2_dc3_dtr8_0070_mamba_long_term_forecast_exchange_dm96_df8_expand2_dc3_dtr8_0070,results/long_term_forecast_mamba_long_term_forecast_exchange_dm96_df8_expand2_dc3_dtr8_0070_mamba_long_term_forecast_exchange_dm96_df8_expand2_dc3_dtr8_0070/metrics.npy,success,,0.27333950996398926,0.1456531435251236,0.3816453218460083,1.6848057508468628,1594.252197265625
mamba_long_term_forecast_exchange_dm128_df8_expand2_dc2_dtr16_0071,mamba_long_term_forecast_exchange_dm128_df8_expand2_dc2_dtr16_0071,Mamba,long_term_forecast,custom,1,mamba_long_term_forecast_exchange_dm128_df8_expand2_dc2_dtr16_0071,results/long_term_forecast_mamba_long_term_forecast_exchange_dm128_df8_expand2_dc2_dtr16_0071_mamba_long_term_forecast_exchange_dm128_df8_expand2_dc2_dtr16_0071,results/long_term_forecast_mamba_long_term_forecast_exchange_dm128_df8_expand2_dc2_dtr16_0071_mamba_long_term_forecast_exchange_dm128_df8_expand2_dc2_dtr16_0071/metrics.npy,success,,0.26361382007598877,0.13295674324035645,0.36463233828544617,1.6608924865722656,1416.08837890625
mamba_long_term_forecast_exchange_dm128_df8_expand2_dc3_dtr8_0072,mamba_long_term_forecast_exchange_dm128_df8_expand2_dc3_dtr8_0072,Mamba,long_term_forecast,custom,1,mamba_long_term_forecast_exchange_dm128_df8_expand2_dc3_dtr8_0072,results/long_term_forecast_mamba_long_term_forecast_exchange_dm128_df8_expand2_dc3_dtr8_0072_mamba_long_term_forecast_exchange_dm128_df8_expand2_dc3_dtr8_0072,results/long_term_forecast_mamba_long_term_forecast_exchange_dm128_df8_expand2_dc3_dtr8_0072_mamba_long_term_forecast_exchange_dm128_df8_expand2_dc3_dtr8_0072/metrics.npy,success,,0.26305967569351196,0.13452965021133423,0.3667828440666199,1.6066454648971558,1260.675048828125
mamba_long_term_forecast_exchange_dm128_df16_expand1_dc2_dtr16_0073,mamba_long_term_forecast_exchange_dm128_df16_expand1_dc2_dtr16_0073,Mamba,long_term_forecast,custom,1,mamba_long_term_forecast_exchange_dm128_df16_expand1_dc2_dtr16_0073,results/long_term_forecast_mamba_long_term_forecast_exchange_dm128_df16_expand1_dc2_dtr16_0073_mamba_long_term_forecast_exchange_dm128_df16_expand1_dc2_dtr16_0073,results/long_term_forecast_mamba_long_term_forecast_exchange_dm128_df16_expand1_dc2_dtr16_0073_mamba_long_term_forecast_exchange_dm128_df16_expand1_dc2_dtr16_0073/metrics.npy,success,,0.2734377980232239,0.14507703483104706,0.38088980317115784,1.7023468017578125,1611.822021484375
mamba_long_term_forecast_exchange_dm64_df8_expand2_dc4_dtr16_0074,mamba_long_term_forecast_exchange_dm64_df8_expand2_dc4_dtr16_0074,Mamba,long_term_forecast,custom,1,mamba_long_term_forecast_exchange_dm64_df8_expand2_dc4_dtr16_0074,results/long_term_forecast_mamba_long_term_forecast_exchange_dm64_df8_expand2_dc4_dtr16_0074_mamba_long_term_forecast_exchange_dm64_df8_expand2_dc4_dtr16_0074,results/long_term_forecast_mamba_long_term_forecast_exchange_dm64_df8_expand2_dc4_dtr16_0074_mamba_long_term_forecast_exchange_dm64_df8_expand2_dc4_dtr16_0074/metrics.npy,success,,0.2642178535461426,0.13591036200523376,0.36866021156311035,1.6498427391052246,1506.1524658203125
mamba_long_term_forecast_exchange_dm64_df8_expand1_dc4_dtr8_0075,mamba_long_term_forecast_exchange_dm64_df8_expand1_dc4_dtr8_0075,Mamba,long_term_forecast,custom,1,mamba_long_term_forecast_exchange_dm64_df8_expand1_dc4_dtr8_0075,results/long_term_forecast_mamba_long_term_forecast_exchange_dm64_df8_expand1_dc4_dtr8_0075_mamba_long_term_forecast_exchange_dm64_df8_expand1_dc4_dtr8_0075,results/long_term_forecast_mamba_long_term_forecast_exchange_dm64_df8_expand1_dc4_dtr8_0075_mamba_long_term_forecast_exchange_dm64_df8_expand1_dc4_dtr8_0075/metrics.npy,success,,0.265702486038208,0.1381261944770813,0.37165331840515137,1.572766900062561,1315.894287109375
mamba_long_term_forecast_exchange_dm96_df16_expand1_dc2_dtr32_0076,mamba_long_term_forecast_exchange_dm96_df16_expand1_dc2_dtr32_0076,Mamba,long_term_forecast,custom,1,mamba_long_term_forecast_exchange_dm96_df16_expand1_dc2_dtr32_0076,results/long_term_forecast_mamba_long_term_forecast_exchange_dm96_df16_expand1_dc2_dtr32_0076_mamba_long_term_forecast_exchange_dm96_df16_expand1_dc2_dtr32_0076,results/long_term_forecast_mamba_long_term_forecast_exchange_dm96_df16_expand1_dc2_dtr32_0076_mamba_long_term_forecast_exchange_dm96_df16_expand1_dc2_dtr32_0076/metrics.npy,success,,0.2638424038887024,0.135081946849823,0.36753496527671814,1.626569151878357,1388.0765380859375
mamba_long_term_forecast_exchange_dm96_df12_expand2_dc3_dtr16_0077,mamba_long_term_forecast_exchange_dm96_df12_expand2_dc3_dtr16_0077,Mamba,long_term_forecast,custom,1,mamba_long_term_forecast_exchange_dm96_df12_expand2_dc3_dtr16_0077,results/long_term_forecast_mamba_long_term_forecast_exchange_dm96_df12_expand2_dc3_dtr16_0077_mamba_long_term_forecast_exchange_dm96_df12_expand2_dc3_dtr16_0077,results/long_term_forecast_mamba_long_term_forecast_exchange_dm96_df12_expand2_dc3_dtr16_0077_mamba_long_term_forecast_exchange_dm96_df12_expand2_dc3_dtr16_0077/metrics.npy,success,,0.2593494951725006,0.13267868757247925,0.36425086855888367,1.620482325553894,1266.6199951171875
mamba_long_term_forecast_exchange_dm64_df8_expand2_dc3_dtr16_0078,mamba_long_term_forecast_exchange_dm64_df8_expand2_dc3_dtr16_0078,Mamba,long_term_forecast,custom,1,mamba_long_term_forecast_exchange_dm64_df8_expand2_dc3_dtr16_0078,results/long_term_forecast_mamba_long_term_forecast_exchange_dm64_df8_expand2_dc3_dtr16_0078_mamba_long_term_forecast_exchange_dm64_df8_expand2_dc3_dtr16_0078,results/long_term_forecast_mamba_long_term_forecast_exchange_dm64_df8_expand2_dc3_dtr16_0078_mamba_long_term_forecast_exchange_dm64_df8_expand2_dc3_dtr16_0078/metrics.npy,success,,0.27002817392349243,0.1423576921224594,0.37730318307876587,1.624484896659851,1297.06982421875
mamba_long_term_forecast_exchange_dm96_df12_expand1_dc4_dtr16_0079,mamba_long_term_forecast_exchange_dm96_df12_expand1_dc4_dtr16_0079,Mamba,long_term_forecast,custom,1,mamba_long_term_forecast_exchange_dm96_df12_expand1_dc4_dtr16_0079,results/long_term_forecast_mamba_long_term_forecast_exchange_dm96_df12_expand1_dc4_dtr16_0079_mamba_long_term_forecast_exchange_dm96_df12_expand1_dc4_dtr16_0079,results/long_term_forecast_mamba_long_term_forecast_exchange_dm96_df12_expand1_dc4_dtr16_0079_mamba_long_term_forecast_exchange_dm96_df12_expand1_dc4_dtr16_0079/metrics.npy,success,,0.2717594802379608,0.14335289597511292,0.3786197304725647,1.6877806186676025,1609.3466796875
mamba_long_term_forecast_exchange_dm96_df16_expand2_dc4_dtr8_0080,mamba_long_term_forecast_exchange_dm96_df16_expand2_dc4_dtr8_0080,Mamba,long_term_forecast,custom,1,mamba_long_term_forecast_exchange_dm96_df16_expand2_dc4_dtr8_0080,results/long_term_forecast_mamba_long_term_forecast_exchange_dm96_df16_expand2_dc4_dtr8_0080_mamba_long_term_forecast_exchange_dm96_df16_expand2_dc4_dtr8_0080,results/long_term_forecast_mamba_long_term_forecast_exchange_dm96_df16_expand2_dc4_dtr8_0080_mamba_long_term_forecast_exchange_dm96_df16_expand2_dc4_dtr8_0080/metrics.npy,success,,0.2715475559234619,0.14384718239307404,0.379271924495697,1.667326807975769,1587.1937255859375
mamba_long_term_forecast_exchange_dm96_df8_expand1_dc4_dtr8_0081,mamba_long_term_forecast_exchange_dm96_df8_expand1_dc4_dtr8_0081,Mamba,long_term_forecast,custom,1,mamba_long_term_forecast_exchange_dm96_df8_expand1_dc4_dtr8_0081,results/long_term_forecast_mamba_long_term_forecast_exchange_dm96_df8_expand1_dc4_dtr8_0081_mamba_long_term_forecast_exchange_dm96_df8_expand1_dc4_dtr8_0081,results/long_term_forecast_mamba_long_term_forecast_exchange_dm96_df8_expand1_dc4_dtr8_0081_mamba_long_term_forecast_exchange_dm96_df8_expand1_dc4_dtr8_0081/metrics.npy,success,,0.2685818076133728,0.13984766602516174,0.3739621043205261,1.6698086261749268,1559.710693359375
mamba_long_term_forecast_exchange_dm128_df16_expand1_dc4_dtr16_0082,mamba_long_term_forecast_exchange_dm128_df16_expand1_dc4_dtr16_0082,Mamba,long_term_forecast,custom,1,mamba_long_term_forecast_exchange_dm128_df16_expand1_dc4_dtr16_0082,results/long_term_forecast_mamba_long_term_forecast_exchange_dm128_df16_expand1_dc4_dtr16_0082_mamba_long_term_forecast_exchange_dm128_df16_expand1_dc4_dtr16_0082,results/long_term_forecast_mamba_long_term_forecast_exchange_dm128_df16_expand1_dc4_dtr16_0082_mamba_long_term_forecast_exchange_dm128_df16_expand1_dc4_dtr16_0082/metrics.npy,success,,0.2608918845653534,0.13211354613304138,0.3634742796421051,1.6666430234909058,1424.821044921875
mamba_long_term_forecast_exchange_dm96_df16_expand1_dc3_dtr16_0083,mamba_long_term_forecast_exchange_dm96_df16_expand1_dc3_dtr16_0083,Mamba,long_term_forecast,custom,1,mamba_long_term_forecast_exchange_dm96_df16_expand1_dc3_dtr16_0083,results/long_term_forecast_mamba_long_term_forecast_exchange_dm96_df16_expand1_dc3_dtr16_0083_mamba_long_term_forecast_exchange_dm96_df16_expand1_dc3_dtr16_0083,results/long_term_forecast_mamba_long_term_forecast_exchange_dm96_df16_expand1_dc3_dtr16_0083_mamba_long_term_forecast_exchange_dm96_df16_expand1_dc3_dtr16_0083/metrics.npy,success,,0.2703816294670105,0.14149567484855652,0.37615910172462463,1.668324589729309,1635.3834228515625
mamba_long_term_forecast_exchange_dm64_df12_expand2_dc2_dtr32_0084,mamba_long_term_forecast_exchange_dm64_df12_expand2_dc2_dtr32_0084,Mamba,long_term_forecast,custom,1,mamba_long_term_forecast_exchange_dm64_df12_expand2_dc2_dtr32_0084,results/long_term_forecast_mamba_long_term_forecast_exchange_dm64_df12_expand2_dc2_dtr32_0084_mamba_long_term_forecast_exchange_dm64_df12_expand2_dc2_dtr32_0084,results/long_term_forecast_mamba_long_term_forecast_exchange_dm64_df12_expand2_dc2_dtr32_0084_mamba_long_term_forecast_exchange_dm64_df12_expand2_dc2_dtr32_0084/metrics.npy,success,,0.27095887064933777,0.1405935436487198,0.3749580681324005,1.6807440519332886,1656.182861328125
mamba_long_term_forecast_exchange_dm64_df8_expand2_dc4_dtr8_0085,mamba_long_term_forecast_exchange_dm64_df8_expand2_dc4_dtr8_0085,Mamba,long_term_forecast,custom,1,mamba_long_term_forecast_exchange_dm64_df8_expand2_dc4_dtr8_0085,results/long_term_forecast_mamba_long_term_forecast_exchange_dm64_df8_expand2_dc4_dtr8_0085_mamba_long_term_forecast_exchange_dm64_df8_expand2_dc4_dtr8_0085,results/long_term_forecast_mamba_long_term_forecast_exchange_dm64_df8_expand2_dc4_dtr8_0085_mamba_long_term_forecast_exchange_dm64_df8_expand2_dc4_dtr8_0085/metrics.npy,success,,0.2693450152873993,0.14278219640254974,0.3778653144836426,1.6701009273529053,1528.367431640625
mamba_long_term_forecast_exchange_dm128_df12_expand1_dc2_dtr8_0086,mamba_long_term_forecast_exchange_dm128_df12_expand1_dc2_dtr8_0086,Mamba,long_term_forecast,custom,1,mamba_long_term_forecast_exchange_dm128_df12_expand1_dc2_dtr8_0086,results/long_term_forecast_mamba_long_term_forecast_exchange_dm128_df12_expand1_dc2_dtr8_0086_mamba_long_term_forecast_exchange_dm128_df12_expand1_dc2_dtr8_0086,results/long_term_forecast_mamba_long_term_forecast_exchange_dm128_df12_expand1_dc2_dtr8_0086_mamba_long_term_forecast_exchange_dm128_df12_expand1_dc2_dtr8_0086/metrics.npy,success,,0.27197954058647156,0.14298078417778015,0.3781279921531677,1.7151696681976318,1638.98046875
mamba_long_term_forecast_exchange_dm128_df16_expand2_dc4_dtr16_0087,mamba_long_term_forecast_exchange_dm128_df16_expand2_dc4_dtr16_0087,Mamba,long_term_forecast,custom,1,mamba_long_term_forecast_exchange_dm128_df16_expand2_dc4_dtr16_0087,results/long_term_forecast_mamba_long_term_forecast_exchange_dm128_df16_expand2_dc4_dtr16_0087_mamba_long_term_forecast_exchange_dm128_df16_expand2_dc4_dtr16_0087,results/long_term_forecast_mamba_long_term_forecast_exchange_dm128_df16_expand2_dc4_dtr16_0087_mamba_long_term_forecast_exchange_dm128_df16_expand2_dc4_dtr16_0087/metrics.npy,success,,0.26413795351982117,0.13411493599414825,0.3662170469760895,1.6588072776794434,1520.4267578125
mamba_long_term_forecast_exchange_dm96_df8_expand2_dc4_dtr8_0088,mamba_long_term_forecast_exchange_dm96_df8_expand2_dc4_dtr8_0088,Mamba,long_term_forecast,custom,1,mamba_long_term_forecast_exchange_dm96_df8_expand2_dc4_dtr8_0088,results/long_term_forecast_mamba_long_term_forecast_exchange_dm96_df8_expand2_dc4_dtr8_0088_mamba_long_term_forecast_exchange_dm96_df8_expand2_dc4_dtr8_0088,results/long_term_forecast_mamba_long_term_forecast_exchange_dm96_df8_expand2_dc4_dtr8_0088_mamba_long_term_forecast_exchange_dm96_df8_expand2_dc4_dtr8_0088/metrics.npy,success,,0.270521342754364,0.1415732204914093,0.3762621581554413,1.6767430305480957,1614.130859375
mamba_long_term_forecast_exchange_dm64_df12_expand2_dc3_dtr32_0089,mamba_long_term_forecast_exchange_dm64_df12_expand2_dc3_dtr32_0089,Mamba,long_term_forecast,custom,1,mamba_long_term_forecast_exchange_dm64_df12_expand2_dc3_dtr32_0089,results/long_term_forecast_mamba_long_term_forecast_exchange_dm64_df12_expand2_dc3_dtr32_0089_mamba_long_term_forecast_exchange_dm64_df12_expand2_dc3_dtr32_0089,results/long_term_forecast_mamba_long_term_forecast_exchange_dm64_df12_expand2_dc3_dtr32_0089_mamba_long_term_forecast_exchange_dm64_df12_expand2_dc3_dtr32_0089/metrics.npy,success,,0.2705816328525543,0.14123782515525818,0.3758162260055542,1.6691209077835083,1606.694091796875
mamba_long_term_forecast_exchange_dm96_df8_expand2_dc4_dtr32_0090,mamba_long_term_forecast_exchange_dm96_df8_expand2_dc4_dtr32_0090,Mamba,long_term_forecast,custom,1,mamba_long_term_forecast_exchange_dm96_df8_expand2_dc4_dtr32_0090,results/long_term_forecast_mamba_long_term_forecast_exchange_dm96_df8_expand2_dc4_dtr32_0090_mamba_long_term_forecast_exchange_dm96_df8_expand2_dc4_dtr32_0090,results/long_term_forecast_mamba_long_term_forecast_exchange_dm96_df8_expand2_dc4_dtr32_0090_mamba_long_term_forecast_exchange_dm96_df8_expand2_dc4_dtr32_0090/metrics.npy,success,,0.2646007239818573,0.13825227320194244,0.37182289361953735,1.6328619718551636,1314.6029052734375
mamba_long_term_forecast_exchange_dm128_df8_expand1_dc2_dtr32_0091,mamba_long_term_forecast_exchange_dm128_df8_expand1_dc2_dtr32_0091,Mamba,long_term_forecast,custom,1,mamba_long_term_forecast_exchange_dm128_df8_expand1_dc2_dtr32_0091,results/long_term_forecast_mamba_long_term_forecast_exchange_dm128_df8_expand1_dc2_dtr32_0091_mamba_long_term_forecast_exchange_dm128_df8_expand1_dc2_dtr32_0091,results/long_term_forecast_mamba_long_term_forecast_exchange_dm128_df8_expand1_dc2_dtr32_0091_mamba_long_term_forecast_exchange_dm128_df8_expand1_dc2_dtr32_0091/metrics.npy,success,,0.2582153081893921,0.12741270661354065,0.3569491505622864,1.58236825466156,1152.58837890625
mamba_long_term_forecast_exchange_dm128_df8_expand2_dc2_dtr32_0092,mamba_long_term_forecast_exchange_dm128_df8_expand2_dc2_dtr32_0092,Mamba,long_term_forecast,custom,1,mamba_long_term_forecast_exchange_dm128_df8_expand2_dc2_dtr32_0092,results/long_term_forecast_mamba_long_term_forecast_exchange_dm128_df8_expand2_dc2_dtr32_0092_mamba_long_term_forecast_exchange_dm128_df8_expand2_dc2_dtr32_0092,results/long_term_forecast_mamba_long_term_forecast_exchange_dm128_df8_expand2_dc2_dtr32_0092_mamba_long_term_forecast_exchange_dm128_df8_expand2_dc2_dtr32_0092/metrics.npy,success,,0.26534518599510193,0.13810718059539795,0.3716277480125427,1.6409226655960083,1393.1324462890625
mamba_long_term_forecast_exchange_dm96_df16_expand2_dc3_dtr32_0093,mamba_long_term_forecast_exchange_dm96_df16_expand2_dc3_dtr32_0093,Mamba,long_term_forecast,custom,1,mamba_long_term_forecast_exchange_dm96_df16_expand2_dc3_dtr32_0093,results/long_term_forecast_mamba_long_term_forecast_exchange_dm96_df16_expand2_dc3_dtr32_0093_mamba_long_term_forecast_exchange_dm96_df16_expand2_dc3_dtr32_0093,results/long_term_forecast_mamba_long_term_forecast_exchange_dm96_df16_expand2_dc3_dtr32_0093_mamba_long_term_forecast_exchange_dm96_df16_expand2_dc3_dtr32_0093/metrics.npy,success,,0.2696217894554138,0.14157193899154663,0.3762604594230652,1.669731855392456,1598.7529296875
mamba_long_term_forecast_exchange_dm96_df12_expand2_dc2_dtr32_0094,mamba_long_term_forecast_exchange_dm96_df12_expand2_dc2_dtr32_0094,Mamba,long_term_forecast,custom,1,mamba_long_term_forecast_exchange_dm96_df12_expand2_dc2_dtr32_0094,results/long_term_forecast_mamba_long_term_forecast_exchange_dm96_df12_expand2_dc2_dtr32_0094_mamba_long_term_forecast_exchange_dm96_df12_expand2_dc2_dtr32_0094,results/long_term_forecast_mamba_long_term_forecast_exchange_dm96_df12_expand2_dc2_dtr32_0094_mamba_long_term_forecast_exchange_dm96_df12_expand2_dc2_dtr32_0094/metrics.npy,success,,0.2575177550315857,0.12938186526298523,0.3596968948841095,1.6099424362182617,1259.576171875
mamba_long_term_forecast_exchange_dm96_df16_expand1_dc3_dtr32_0095,mamba_long_term_forecast_exchange_dm96_df16_expand1_dc3_dtr32_0095,Mamba,long_term_forecast,custom,1,mamba_long_term_forecast_exchange_dm96_df16_expand1_dc3_dtr32_0095,results/long_term_forecast_mamba_long_term_forecast_exchange_dm96_df16_expand1_dc3_dtr32_0095_mamba_long_term_forecast_exchange_dm96_df16_expand1_dc3_dtr32_0095,results/long_term_forecast_mamba_long_term_forecast_exchange_dm96_df16_expand1_dc3_dtr32_0095_mamba_long_term_forecast_exchange_dm96_df16_expand1_dc3_dtr32_0095/metrics.npy,success,,0.26278069615364075,0.13598807156085968,0.36876559257507324,1.6341630220413208,1386.974853515625
mamba_long_term_forecast_exchange_dm96_df8_expand1_dc2_dtr16_0096,mamba_long_term_forecast_exchange_dm96_df8_expand1_dc2_dtr16_0096,Mamba,long_term_forecast,custom,1,mamba_long_term_forecast_exchange_dm96_df8_expand1_dc2_dtr16_0096,results/long_term_forecast_mamba_long_term_forecast_exchange_dm96_df8_expand1_dc2_dtr16_0096_mamba_long_term_forecast_exchange_dm96_df8_expand1_dc2_dtr16_0096,results/long_term_forecast_mamba_long_term_forecast_exchange_dm96_df8_expand1_dc2_dtr16_0096_mamba_long_term_forecast_exchange_dm96_df8_expand1_dc2_dtr16_0096/metrics.npy,success,,0.2732905447483063,0.1457436978816986,0.38176393508911133,1.6826945543289185,1571.5377197265625
mamba_long_term_forecast_exchange_dm128_df12_expand2_dc4_dtr32_0097,mamba_long_term_forecast_exchange_dm128_df12_expand2_dc4_dtr32_0097,Mamba,long_term_forecast,custom,1,mamba_long_term_forecast_exchange_dm128_df12_expand2_dc4_dtr32_0097,results/long_term_forecast_mamba_long_term_forecast_exchange_dm128_df12_expand2_dc4_dtr32_0097_mamba_long_term_forecast_exchange_dm128_df12_expand2_dc4_dtr32_0097,results/long_term_forecast_mamba_long_term_forecast_exchange_dm128_df12_expand2_dc4_dtr32_0097_mamba_long_term_forecast_exchange_dm128_df12_expand2_dc4_dtr32_0097/metrics.npy,success,,0.26149800419807434,0.1322665810585022,0.3636847138404846,1.5966663360595703,1247.7750244140625
mamba_long_term_forecast_exchange_dm64_df16_expand1_dc2_dtr16_0098,mamba_long_term_forecast_exchange_dm64_df16_expand1_dc2_dtr16_0098,Mamba,long_term_forecast,custom,1,mamba_long_term_forecast_exchange_dm64_df16_expand1_dc2_dtr16_0098,results/long_term_forecast_mamba_long_term_forecast_exchange_dm64_df16_expand1_dc2_dtr16_0098_mamba_long_term_forecast_exchange_dm64_df16_expand1_dc2_dtr16_0098,results/long_term_forecast_mamba_long_term_forecast_exchange_dm64_df16_expand1_dc2_dtr16_0098_mamba_long_term_forecast_exchange_dm64_df16_expand1_dc2_dtr16_0098/metrics.npy,success,,0.2696416974067688,0.1399877518415451,0.3741493821144104,1.6501438617706299,1609.3267822265625
mamba_long_term_forecast_exchange_dm64_df12_expand2_dc4_dtr16_0099,mamba_long_term_forecast_exchange_dm64_df12_expand2_dc4_dtr16_0099,Mamba,long_term_forecast,custom,1,mamba_long_term_forecast_exchange_dm64_df12_expand2_dc4_dtr16_0099,results/long_term_forecast_mamba_long_term_forecast_exchange_dm64_df12_expand2_dc4_dtr16_0099_mamba_long_term_forecast_exchange_dm64_df12_expand2_dc4_dtr16_0099,results/long_term_forecast_mamba_long_term_forecast_exchange_dm64_df12_expand2_dc4_dtr16_0099_mamba_long_term_forecast_exchange_dm64_df12_expand2_dc4_dtr16_0099/metrics.npy,success,,0.269023597240448,0.1391787976026535,0.3730667531490326,1.6697739362716675,1606.9921875
mamba_long_term_forecast_exchange_dm128_df16_expand1_dc3_dtr8_0100,mamba_long_term_forecast_exchange_dm128_df16_expand1_dc3_dtr8_0100,Mamba,long_term_forecast,custom,1,mamba_long_term_forecast_exchange_dm128_df16_expand1_dc3_dtr8_0100,results/long_term_forecast_mamba_long_term_forecast_exchange_dm128_df16_expand1_dc3_dtr8_0100_mamba_long_term_forecast_exchange_dm128_df16_expand1_dc3_dtr8_0100,results/long_term_forecast_mamba_long_term_forecast_exchange_dm128_df16_expand1_dc3_dtr8_0100_mamba_long_term_forecast_exchange_dm128_df16_expand1_dc3_dtr8_0100/metrics.npy,success,,0.26287731528282166,0.1319407969713211,0.36323654651641846,1.6312016248703003,1338.6170654296875
